Season,Name,Tm,IP,TBF,ERA,H,2B,3B,R,ER,HR,BB,IBB,HBP,SO,AVG,OBP,SLG,wOBA,playerId
2019,Xavier Cedeno,CHC,2,13,0,4,2,0,0,0,0,3,1,0,1,0.4,0.538461538,0.6,0.462762276,36
2019,CC Sabathia,NYY,1,3,0,0,0,0,0,0,0,0,0,0,2,0,0,0,0,404
2019,Fernando Rodney,2 Tms,47.2,210,5.6643,49,8,0,31,30,5,28,1,0,49,0.269230769,0.366666666,0.395604395,0.331937829,494
2019,Tommy Hunter,PHI,5.1,18,0,2,0,0,0,0,0,0,0,0,5,0.111111111,0.111111111,0.111111111,0.096623341,1157
2019,Adam Ottavino,NYY,66.1,283,1.8995,47,9,1,17,14,5,40,3,2,88,0.198312236,0.315602836,0.308016877,0.275927123,1247
2019,Jon Edwards,CLE,8,36,2.25,5,2,0,2,2,2,6,0,2,5,0.178571428,0.361111111,0.464285714,0.354506572,1483
2019,Oliver Perez,CLE,40.2,173,3.9836,38,14,0,20,18,5,12,2,3,48,0.242038216,0.306358381,0.426751592,0.305931089,1514
2019,Sean Doolittle,WSN,60,260,4.05,63,10,3,27,27,11,15,2,2,66,0.260330578,0.308880308,0.462809917,0.320683579,1581
2019,Edwin Jackson,2 Tms,12.1,59,8.7567,18,3,0,12,12,6,8,0,0,7,0.352941176,0.440677966,0.764705882,0.48535721,1841
2019,Clayton Kershaw,LAD,1,3,0,0,0,0,0,0,0,0,0,0,1,0,0,0,0,2036
2019,Hector Rondon,HOU,60,248,2.85,51,12,0,19,19,10,19,0,3,47,0.227678571,0.295546558,0.415178571,0.301568175,2391
2019,Jhoulys Chacin,BOS,1,4,0,0,0,0,0,0,0,1,0,0,0,0,0.25,0,0.17257455,2608
2019,Ross Detwiler,CHW,12.2,61,9.9473,21,2,0,15,14,5,5,0,0,8,0.375,0.426229508,0.678571428,0.45503331,2859
2019,Luis Avilan,NYM,32,141,5.0625,33,5,0,18,18,5,14,0,3,30,0.266129032,0.354609929,0.427419354,0.337616034,2882
2019,Kenley Jansen,LAD,63,263,3.7143,51,12,1,28,26,9,16,0,4,80,0.2125,0.269961977,0.383333333,0.276521465,3096
2019,Tony Watson,SFG,54,231,4.1667,56,6,2,26,25,9,12,1,5,41,0.264150943,0.318777292,0.438679245,0.319815778,3132
2019,Tim Collins,CHC,8.2,38,3.1154,9,3,0,3,3,1,3,0,0,4,0.264705882,0.315789473,0.44117647,0.316012499,3164
2019,Will Harris,HOU,60,229,1.5,42,3,0,14,10,6,14,0,0,62,0.196261682,0.245614035,0.294392523,0.235300466,3192
2019,Francisco Liriano,PIT,70,301,3.4714,60,15,0,32,27,8,35,1,3,63,0.231660231,0.327759197,0.382239382,0.307280608,3201
2019,T.J. McFarland,ARI,56,250,4.8214,71,13,2,35,30,6,20,5,1,35,0.315555555,0.370967741,0.471111111,0.35006617,3237
2019,Zack Britton,NYY,61.1,245,1.9076,38,6,0,13,13,3,32,1,1,53,0.181818181,0.290983606,0.253588516,0.248789093,3240
2019,Joe Smith,HOU,25,96,1.8,19,4,0,6,5,2,5,0,0,22,0.208791208,0.25,0.318681318,0.244814074,3281
2019,Hector Noesi,MIA,9.1,37,2.8929,10,0,2,3,3,1,2,0,0,9,0.285714285,0.324324324,0.485714285,0.336903543,3292
2019,Charlie Culberson,ATL,2,10,0,2,1,0,0,0,0,2,0,0,1,0.25,0.4,0.375,0.346687186,3298
2019,Darren O'Day,ATL,5.1,21,1.6875,3,3,0,1,1,0,1,0,1,6,0.157894736,0.238095238,0.315789473,0.240929229,3321
2019,Jeff Mathis,TEX,2,9,9,3,0,0,2,2,1,0,0,0,1,0.333333333,0.333333333,0.666666666,0.408750441,3448
2019,Liam Hendriks,OAK,83,322,1.6265,58,16,1,16,15,5,19,5,2,122,0.195945945,0.246875,0.307432432,0.232069545,3548
2019,Tony Barnette,CHC,1.1,5,6.7502,2,0,0,1,1,1,0,0,0,0,0.4,0.4,1,0.56182878,3555
2019,Brian Schlitter,OAK,9.2,41,3.7241,12,3,0,4,4,0,4,0,0,6,0.324324324,0.390243902,0.405405405,0.347260478,3599
2019,Zach Duke,CIN,23.1,106,5.0143,21,5,0,13,13,4,18,1,2,18,0.25,0.39047619,0.452380952,0.360098956,3840
2019,Matt Magill,2 Tms,50.2,229,4.0855,51,15,1,31,23,7,20,3,2,64,0.251231527,0.321585903,0.438423645,0.316421085,3950
2019,David Carpenter,TEX,3.1,19,5.4001,4,2,0,4,2,0,4,0,0,2,0.266666666,0.421052631,0.4,0.36493388,3959
2019,Edinson Volquez,TEX,6.2,23,0,4,0,0,0,0,0,2,0,0,4,0.19047619,0.260869565,0.19047619,0.211262465,3990
2019,Allen Webster,CHC,11,52,4.9091,14,3,0,7,6,2,5,2,1,9,0.304347826,0.384615384,0.5,0.36291337,3993
2019,Yusmeiro Petit,OAK,83,308,2.7108,57,10,3,25,25,11,10,0,0,71,0.193877551,0.218241042,0.360544217,0.240028293,4020
2019,Hector Santiago,2 Tms,24.1,119,7.0274,31,10,0,19,19,6,17,0,0,31,0.303921568,0.403361344,0.578431372,0.408261154,4026
2019,Pedro Strop,CHC,41.2,178,4.968,33,9,1,24,23,6,20,1,5,49,0.217105263,0.325842696,0.407894736,0.314188367,4070
2019,Luke Gregerson,STL,5.2,27,7.9411,11,2,0,5,5,0,1,0,0,2,0.423076923,0.444444444,0.5,0.405559986,4090
2019,Derek Holland,2 Tms,47.2,208,4.5315,44,8,1,28,24,9,21,1,2,40,0.243093922,0.325242718,0.447513812,0.324743451,4141
2019,David Hernandez,CIN,42.2,198,8.0156,53,13,3,39,38,7,20,3,1,53,0.306358381,0.375634517,0.537572254,0.373830017,4259
2019,Mark Melancon,2 Tms,67.1,284,3.6089,71,9,1,28,27,4,18,2,2,68,0.269961977,0.320422535,0.357414448,0.291801855,4264
2019,Matt Albers,MIL,59.2,257,5.1285,53,11,0,34,34,8,29,3,3,57,0.238738738,0.33203125,0.396396396,0.310560252,4300
2019,Justin Wilson,NYM,39,166,2.5385,33,5,0,12,11,4,19,1,2,44,0.227586206,0.325301204,0.344827586,0.294399457,4301
2019,Tyler Chatwood,CHC,54,226,3.6667,44,7,0,22,22,6,25,0,2,53,0.223350253,0.315555555,0.350253807,0.292478519,4338
2019,Jeremy Hellickson,WSN,2,9,9,3,0,0,2,2,1,0,0,0,0,0.333333333,0.333333333,0.666666666,0.408750441,4371
2019,Russell Martin,LAD,4,13,0,2,1,0,0,0,0,0,0,0,2,0.153846153,0.153846153,0.23076923,0.160482728,4616
2019,Pat Neshek,PHI,18,79,5,23,1,1,11,10,5,2,0,0,9,0.302631578,0.316455696,0.539473684,0.351110218,4682
2019,Nate Jones,CHW,10.1,47,3.4839,10,0,0,4,4,2,7,1,1,10,0.256410256,0.382978723,0.41025641,0.341238193,4696
2019,Mike Montgomery,CHC,27,123,5.6667,35,10,1,18,17,6,13,1,0,18,0.327102803,0.396694214,0.607476635,0.410578598,4869
2019,Fernando Salas,PHI,2.2,15,6.7499,8,1,0,2,2,1,0,0,0,3,0.533333333,0.533333333,0.8,0.55825731,4971
2019,Fernando Abad,SFG,13,49,4.1538,9,0,0,6,6,2,3,0,0,9,0.195652173,0.244897959,0.326086956,0.245657811,4994
2019,Jake Diekman,2 Tms,62,282,4.6452,49,12,1,34,32,3,39,1,11,84,0.21491228,0.352313167,0.315789473,0.302812426,5003
2019,Jeurys Familia,NYM,60,274,5.7,62,14,1,39,38,7,42,4,3,63,0.274336283,0.393382352,0.438053097,0.355643508,5114
2019,Alex Gordon,KCR,2.1,17,19.286,8,0,0,5,5,1,2,0,0,0,0.571428571,0.588235294,0.785714285,0.553376513,5209
2019,Wade LeBlanc,SEA,84.2,354,4.5709,86,21,0,44,43,16,22,1,1,62,0.261398176,0.308781869,0.47112462,0.325025254,5221
2019,Blake Parker,2 Tms,58.1,243,4.32,50,7,0,29,28,11,22,0,3,61,0.233644859,0.311203319,0.420560747,0.311299879,5224
2019,Wilmer Font,3 Tms,49.2,207,4.1678,46,13,0,23,23,10,14,1,2,55,0.243386243,0.299516908,0.47089947,0.31856959,5257
2019,Jose Alvarez,PHI,57,246,3.4737,65,10,0,25,22,8,16,3,1,51,0.288888888,0.334693877,0.44,0.323337578,5358
2019,Manny Banuelos,CHW,16,69,4.5,13,2,0,8,8,1,12,1,0,12,0.236363636,0.36231884,0.327272727,0.303856552,5365
2019,Brad Peacock,HOU,11,48,3.2727,6,1,0,5,4,2,8,0,0,14,0.15,0.291666666,0.325,0.275561435,5401
2019,Pablo Sandoval,SFG,1,3,0,0,0,0,0,0,0,0,0,1,0,0,0.333333333,0,0.239739815,5409
2019,Pedro Baez,LAD,69.2,276,3.1005,43,8,1,30,24,6,23,1,4,69,0.174089068,0.255474452,0.287449392,0.23923832,5420
2019,Jesse Chavez,TEX,48,208,4.125,52,15,0,24,22,7,17,0,2,44,0.276595744,0.342995169,0.468085106,0.343422841,5448
2019,Austin Romine,NYY,1,7,27,4,1,0,3,3,2,0,0,0,0,0.571428571,0.571428571,1.571428571,0.852191874,5491
2019,Arodys Vizcaino,ATL,4,17,2.25,3,2,0,1,1,1,3,0,0,6,0.214285714,0.352941176,0.571428571,0.379044659,5498
2019,Ryan Brasier,BOS,55.2,239,4.8503,51,10,0,33,30,9,21,1,3,61,0.238317757,0.311203319,0.411214953,0.305890012,5615
2019,Tyler Clippard,CLE,56.2,220,2.3824,34,10,1,15,15,7,15,0,6,59,0.173469387,0.252293577,0.341836734,0.256219985,5640
2019,Junior Guerra,MIL,83.2,344,3.5498,58,12,1,35,33,11,36,2,4,77,0.193979933,0.287390029,0.351170568,0.275450239,5702
2019,Hernan Perez,MIL,3,11,3,2,0,0,1,1,1,2,0,0,1,0.222222222,0.363636363,0.555555555,0.380885482,5751
2019,Jesus Sucre,BAL,1,3,0,0,0,0,0,0,0,0,0,0,0,0,0,0,0,5942
2019,Kelvin Herrera,CHW,51.1,235,6.1364,60,10,1,36,35,8,23,6,1,53,0.288461538,0.358974358,0.461538461,0.339123866,6033
2019,Ian Kinsler,SDP,1,6,0,1,0,0,0,0,0,2,0,1,0,0.333333333,0.666666666,0.333333333,0.494904319,6195
2019,Dellin Betances,NYY,0.2,2,0,0,0,0,0,0,0,0,0,0,2,0,0,0,0,6216
2019,Trevor Cahill,LAA,49,220,4.9592,56,12,1,30,27,9,21,0,3,38,0.288659793,0.363636363,0.5,0.362752124,6249
2019,David Phelps,2 Tms,33.1,144,3.51,31,2,3,14,13,5,16,1,1,35,0.246031746,0.333333333,0.428571428,0.322052793,6316
2019,Ryan Feierabend,TOR,1.2,9,16.1997,4,1,0,3,3,1,0,0,0,2,0.444444444,0.444444444,0.888888888,0.543935484,6336
2019,Trevor May,MIN,64.1,266,2.9378,43,7,0,24,21,8,26,1,3,79,0.183760683,0.270676691,0.316239316,0.255838203,6398
2019,Jose Cisnero,DET,35.1,162,4.3302,35,7,2,21,17,5,19,3,3,40,0.257352941,0.35625,0.448529411,0.3359019,6399
2019,Steve Cishek,CHC,64,267,2.9531,48,6,0,22,21,7,29,1,7,57,0.209606986,0.314606741,0.327510917,0.284496118,6483
2019,Blaine Hardy,DET,44.1,182,4.4662,38,5,2,24,22,10,13,0,0,29,0.231707317,0.281767955,0.469512195,0.308134717,6499
2019,Robert Stock,SDP,10.2,56,10.125,14,3,0,14,12,2,8,0,1,15,0.29787234,0.410714285,0.489361702,0.385663563,6576
2019,Sean Rodriguez,PHI,1.1,4,0,0,0,0,0,0,0,0,0,0,1,0,0,0,0,6589
2019,Brad Brach,2 Tms,54.1,242,5.4663,57,8,3,33,33,4,31,2,1,60,0.27804878,0.369294605,0.404878048,0.331966503,6627
2019,Carlos Carrasco,CLE,15,66,6.6,18,3,1,11,11,4,5,0,1,17,0.3,0.363636363,0.583333333,0.390969058,6632
2019,Craig Kimbrel,CHC,20.2,96,6.5322,21,5,0,15,15,9,12,0,2,30,0.259259259,0.364583333,0.654320987,0.409879367,6655
2019,Alex Colome,CHW,61,249,2.8033,42,10,2,28,19,7,23,2,1,55,0.19090909,0.267206477,0.35,0.261297691,6661
2019,JB Shuck,PIT,1,5,0,1,0,0,0,0,0,1,0,0,0,0.25,0.4,0.25,0.311981654,6677
2019,Andrew Miller,STL,54.2,236,4.4451,45,2,0,32,27,11,27,1,8,70,0.225,0.33898305,0.4,0.320413761,6785
2019,Sam Freeman,LAA,2,11,4.5,3,0,0,1,1,1,2,0,0,0,0.333333333,0.454545454,0.666666666,0.459940943,6832
2019,Eduardo Nunez,BOS,1,4,9,1,0,0,1,1,1,0,0,0,0,0.25,0.25,1,0.484883457,6848
2019,Ian Desmond,COL,1,4,0,1,1,0,0,0,0,0,0,0,0,0.25,0.25,0.5,0.304166347,6885
2019,Chase Anderson,MIL,10,43,4.5,10,2,0,5,5,3,4,1,0,13,0.256410256,0.325581395,0.538461538,0.3493066,6895
2019,Martin Perez,MIN,8.1,45,7.56,11,2,0,8,7,0,9,1,0,12,0.314285714,0.444444444,0.371428571,0.358686523,6902
2019,Joakim Soria,OAK,68,272,4.2353,49,6,1,32,32,8,20,1,3,77,0.198380566,0.264705882,0.327935222,0.255296475,6941
2019,Luis Garcia,LAA,60,271,4.35,59,5,0,34,29,12,33,1,5,56,0.256521739,0.359259259,0.434782608,0.340397753,6984
2019,Ian Kennedy,KCR,63.1,266,3.4105,64,7,0,24,24,6,17,1,1,73,0.261224489,0.311787072,0.363265306,0.291099103,6986
2019,Ryan Pressly,HOU,54.1,211,2.319,37,6,0,15,14,6,12,0,0,72,0.187817258,0.233333333,0.30964467,0.23314774,7005
2019,Caleb Joseph,ARI,1.1,4,0,0,0,0,0,0,0,0,0,0,0,0,0,0,0,7087
2019,Pat Venditte,SFG,3.1,19,16.2002,4,0,0,6,6,1,2,0,3,2,0.285714285,0.47368421,0.5,0.425611515,7108
2019,Daniel Hudson,2 Tms,72,299,2.375,54,15,0,24,19,8,27,2,4,70,0.20610687,0.285234899,0.354961832,0.273170596,7146
2019,Jonny Venters,2 Tms,8,49,12.375,12,1,0,16,11,3,10,1,2,12,0.324324324,0.489795918,0.594594594,0.450901461,7175
2019,Greg Holland,ARI,35.2,152,4.5421,25,6,0,18,18,5,24,2,0,41,0.198412698,0.322368421,0.365079365,0.295725086,7196
2019,Craig Stammen,SDP,82,339,3.2927,80,17,1,36,30,13,15,2,2,73,0.250783699,0.286135693,0.43260188,0.29806966,7274
2019,Dan Otero,CLE,29.2,131,4.8539,42,7,0,17,16,6,3,0,1,16,0.330708661,0.351145038,0.527559055,0.367653945,7385
2019,Javy Guerra,2 Tms,67.2,287,4.6552,67,13,2,36,35,10,17,3,1,57,0.250936329,0.297202797,0.426966292,0.300978926,7407
2019,J.A. Happ,NYY,5,19,1.8,4,1,0,1,1,0,1,0,0,6,0.222222222,0.263157894,0.277777777,0.237673358,7410
2019,Austin Adams,2 Tms,16.2,80,7.02,18,5,0,13,13,4,13,1,0,14,0.272727272,0.3875,0.53030303,0.379133307,7411
2019,Jay Jackson,MIL,30.1,132,4.4506,22,4,0,15,15,6,18,1,2,47,0.201834862,0.320610687,0.403669724,0.308559182,7432
2019,Ben Zobrist,CHC,1,5,0,0,0,0,0,0,0,2,0,0,1,0,0.4,0,0.27611928,7435
2019,Wade Davis,COL,42.2,206,8.6484,51,9,1,42,41,7,29,0,2,42,0.291428571,0.398058252,0.474285714,0.374172668,7441
2019,Gio Gonzalez,MIL,6.1,23,0,3,0,0,0,0,0,1,0,0,7,0.136363636,0.173913043,0.136363636,0.143440366,7448
2019,Anthony Swarzak,2 Tms,53.1,234,4.5562,52,4,1,30,27,12,27,3,0,52,0.251207729,0.337606837,0.45410628,0.331920312,7466
2019,Alex Avila,ARI,2,8,4.5,2,0,0,1,1,0,1,0,0,1,0.285714285,0.375,0.285714285,0.303689793,7476
2019,Collin McHugh,HOU,33.2,142,2.6733,26,8,0,11,10,3,16,0,0,40,0.208,0.295774647,0.344,0.279160893,7531
2019,Jake McGee,COL,41.1,180,4.3548,47,8,2,25,20,11,11,1,3,35,0.288343558,0.338888888,0.564417177,0.367579485,7550
2019,Nick Vincent,2 Tms,43.2,187,3.916,43,6,1,20,19,7,12,3,4,47,0.254437869,0.315508021,0.426035502,0.30822825,7555
2019,Tommy Milone,SEA,80.2,324,4.7975,72,18,1,44,43,18,15,1,2,60,0.236842105,0.274691358,0.480263157,0.309224666,7608
2019,Mark Reynolds,COL,1,7,18,2,0,0,2,2,0,1,0,1,0,0.4,0.571428571,0.4,0.449819684,7619
2019,Carlos Torres,DET,6,29,7.5,9,1,0,5,5,2,1,0,1,8,0.333333333,0.379310344,0.592592592,0.404238314,7624
2019,Neil Ramirez,2 Tms,24,109,5.625,26,6,0,16,15,7,15,0,0,24,0.282608695,0.376146788,0.576086956,0.390239753,7677
2019,Juan Nicasio,PHI,47.1,217,4.7535,57,13,1,27,25,4,21,5,2,45,0.298429319,0.37037037,0.439790575,0.338871106,7731
2019,Wily Peralta,KCR,40.1,176,5.8017,45,8,0,28,26,7,19,1,2,24,0.296052631,0.377142857,0.486842105,0.363575681,7738
2019,Shawn Kelley,TEX,47.1,205,4.9437,55,11,1,27,26,12,11,2,2,43,0.291005291,0.334975369,0.55026455,0.362168036,7773
2019,Richard Bleier,BAL,53.1,226,5.2313,62,19,1,32,31,5,8,2,4,29,0.293838862,0.328888888,0.464454976,0.329764871,7803
2019,Hunter Strickland,2 Tms,24.1,105,5.548,22,6,0,15,15,6,8,0,3,18,0.236559139,0.314285714,0.494623655,0.336317523,7836
2019,Jerry Blevins,ATL,32.1,141,3.8969,25,6,0,15,14,5,16,2,2,37,0.20661157,0.304964539,0.380165289,0.289746879,7841
2019,Cory Gearrin,2 Tms,53.1,231,3.5438,53,7,1,21,21,4,23,1,4,45,0.259803921,0.346320346,0.362745098,0.310961997,7947
2019,Anthony Bass,SEA,48,189,3.5625,30,4,1,20,19,5,17,2,1,43,0.178571428,0.256684491,0.303571428,0.240860755,7982
2019,Marcus Walden,BOS,78,327,3.8077,61,17,1,38,33,6,32,1,5,76,0.212543554,0.300613496,0.341463414,0.280062904,8004
2019,Jason Vargas,NYM,1,7,36,4,1,0,4,4,1,0,0,0,1,0.571428571,0.571428571,1.142857142,0.699345623,8044
2019,Will Smith,SFG,65.1,257,2.7551,46,4,2,20,20,10,21,2,0,96,0.19574468,0.260700389,0.357446808,0.260878424,8048
2019,Dan Jennings,WSN,4.2,32,13.4999,8,0,0,8,7,1,7,2,1,9,0.333333333,0.5,0.458333333,0.406583826,8073
2019,Bryan Shaw,COL,72,311,5.375,69,15,4,44,43,12,29,1,5,58,0.25090909,0.332258064,0.465454545,0.335307693,8110
2019,Steven Wright,BOS,6.1,33,8.5264,11,1,0,6,6,3,4,0,1,5,0.407407407,0.484848484,0.777777777,0.503119685,8185
2019,David Robertson,PHI,6.2,33,5.4,8,1,0,4,4,1,6,0,0,6,0.296296296,0.424242424,0.444444444,0.379262086,8241
2019,Tony Sipp,WSN,21,92,4.7143,19,4,0,12,11,1,9,0,1,18,0.240506329,0.315217391,0.329113924,0.281659126,8280
2019,JC Ramirez,LAA,8,34,4.5,8,4,1,4,4,1,1,0,1,4,0.25,0.294117647,0.53125,0.337763187,8302
2019,Daniel Descalso,CHC,1,5,18,2,1,0,2,2,1,0,0,0,0,0.4,0.4,1.2,0.631239843,8392
2019,Deolis Guerra,MIL,0.2,6,53.9973,4,0,0,4,4,1,0,0,0,0,0.8,0.666666666,1.4,0.758060674,8410
2019,Ehire Adrianza,MIN,1,8,27,5,2,1,3,3,0,0,0,0,1,0.625,0.625,1.125,0.712695763,8418
2019,Buddy Boshers,TOR,19,87,4.2632,20,5,0,10,9,3,9,0,1,25,0.263157894,0.348837209,0.447368421,0.340338983,8490
2019,Gerardo Parra,WSN,0,5,45,1,0,0,5,5,0,4,0,0,0,1,1,1,0.726160574,8553
2019,Justin Miller,WSN,15.2,65,4.0213,16,0,0,8,7,5,4,0,2,11,0.275862068,0.34375,0.534482758,0.366609557,8580
2019,Tim Federowicz,TEX,1,6,9,3,0,0,1,1,1,0,0,0,0,0.5,0.5,1,0.613125662,8609
2019,Kendrys Morales,OAK,1,7,9,1,0,0,1,1,0,2,0,1,0,0.333333333,0.571428571,0.333333333,0.424203702,8610
2019,Andrew Cashner,BOS,23.1,95,3.8571,17,7,1,10,10,1,12,0,0,21,0.209876543,0.308510638,0.358024691,0.289634741,8782
2019,Oliver Drake,TBR,56,219,3.2143,36,8,0,20,20,9,19,1,1,70,0.180904522,0.255707762,0.356783919,0.260808743,8823
2019,Adam Warren,SDP,28.2,124,5.3372,28,3,1,18,17,9,12,0,1,25,0.256880733,0.336065573,0.550458715,0.366243973,9029
2019,Jeanmar Gomez,TEX,15.1,73,8.2174,23,7,0,15,14,2,6,0,1,10,0.359375,0.410958904,0.5625,0.403168151,9033
2019,Kirby Yates,SDP,60.2,243,1.1868,41,11,0,14,8,2,13,1,7,101,0.185520361,0.252066115,0.262443438,0.227923583,9073
2019,Brad Hand,CLE,57.1,242,3.2965,53,13,0,21,21,6,18,5,4,84,0.242009132,0.311203319,0.383561643,0.291827753,9111
2019,Nathan Eovaldi,BOS,13.1,61,5.4,17,6,0,8,8,1,4,0,1,18,0.303571428,0.360655737,0.464285714,0.351082608,9132
2019,Alex Wilson,MIL,11.1,57,9.5294,15,3,0,12,12,3,9,2,0,13,0.3125,0.421052631,0.5625,0.402312285,9239
2019,Chris Davis,BAL,1,5,9,2,1,0,1,1,1,0,0,0,1,0.4,0.4,1.2,0.631239843,9272
2019,Jared Hughes,2 Tms,71.1,289,4.0374,57,12,0,37,32,13,27,1,2,54,0.223529411,0.301754385,0.423529411,0.306435348,9325
2019,Josh Tomlin,ATL,76.1,307,3.7729,78,9,3,34,32,14,7,0,0,48,0.265306122,0.280528052,0.459183673,0.30608026,9388
2019,Zac Rosscup,3 Tms,18,94,5,22,4,0,15,10,2,19,1,0,26,0.293333333,0.436170212,0.426666666,0.377256537,9419
2019,Ryan Buchter,OAK,45.1,198,2.9779,42,8,1,16,15,8,23,2,2,50,0.251497005,0.343589743,0.45508982,0.333956279,9456
2019,Dan Straily,BAL,14.1,76,13.814,26,4,0,22,22,10,7,0,1,15,0.388059701,0.447368421,0.895522388,0.529587205,9460
2019,Jeremy Jeffress,MIL,52,225,5.0192,54,10,0,32,29,5,17,0,5,46,0.268656716,0.340807174,0.393034825,0.31888019,9490
2019,Brian Moran,MIA,6.1,29,4.2632,6,1,1,3,3,1,2,1,2,10,0.25,0.357142857,0.5,0.348991915,9646
2019,Michael Blazek,WSN,5,26,7.2,6,1,0,4,4,1,5,0,0,0,0.285714285,0.423076923,0.476190476,0.387928096,9654
2019,David Hale,NYY,37.2,157,3.1062,39,12,2,13,13,2,7,1,1,23,0.263513513,0.299363057,0.412162162,0.297430275,9756
2019,Joe Kelly,LAD,51.1,226,4.5584,49,10,0,31,26,6,22,2,3,62,0.243781094,0.327433628,0.383084577,0.305645587,9761
2019,Brian Dozier,WSN,1,5,18,2,1,0,2,2,1,0,0,0,0,0.4,0.4,1.2,0.631239843,9810
2019,Sergio Romo,2 Tms,60.1,249,3.4309,50,11,1,27,23,7,17,3,2,60,0.221238938,0.277108433,0.371681415,0.270526818,9817
2019,Chaz Roe,TBR,51,229,4.0588,49,10,0,27,23,3,31,2,1,65,0.251282051,0.355263157,0.348717948,0.309863209,9866
2019,Chris Rusin,COL,1,9,36,5,2,0,4,4,1,1,0,0,0,0.714285714,0.666666666,1.428571428,0.755820327,9895
2019,Brandon Kintzler,CHC,57,227,2.6842,46,9,3,18,17,5,13,3,4,48,0.220095693,0.277533039,0.363636363,0.26889846,9939
2019,Mike Dunn,COL,17.2,75,7.1321,17,3,1,14,14,4,6,0,0,15,0.261538461,0.306666666,0.523076923,0.332072353,9948
2019,Chris Owings,KCR,1.2,12,21.5996,6,1,0,4,4,2,1,0,0,0,0.545454545,0.583333333,1.181818181,0.699571788,10030
2019,Max Stassi,HOU,0.1,1,0,0,0,0,0,0,0,0,0,0,0,0,0,0,0,10059
2019,Kyle Gibson,MIN,5.1,27,3.375,7,2,0,3,2,1,3,0,0,8,0.291666666,0.37037037,0.5,0.36748887,10123
2019,Brad Boxberger,KCR,26.2,122,5.4,25,5,1,16,16,3,17,0,1,27,0.242718446,0.352459016,0.398058252,0.326221259,10133
2019,Ryan Weber,BOS,29.1,128,3.9886,32,7,0,15,13,3,6,0,1,22,0.266666666,0.307086614,0.4,0.30179283,10160
2019,Shelby Miller,TEX,14.2,69,6.75,19,1,0,14,11,3,6,0,1,10,0.316666666,0.382352941,0.483333333,0.366770979,10197
2019,Aroldis Chapman,NYY,57,235,2.2105,38,7,0,18,14,3,25,0,1,85,0.185365853,0.273504273,0.263414634,0.242141092,10233
2019,Ryan Tepera,TOR,20.2,85,4.3548,18,4,0,10,10,4,7,2,0,14,0.24,0.297619047,0.453333333,0.3021023,10291
2019,Erasmo Ramirez,BOS,3,15,12,4,1,0,4,4,2,1,0,1,1,0.333333333,0.428571428,0.916666666,0.526775769,10314
2019,Juan Minaya,CHW,27.2,126,3.9036,31,11,1,13,12,4,12,0,2,27,0.276785714,0.357142857,0.5,0.360608239,10341
2019,Aaron Loup,SDP,3.1,14,0,2,1,0,0,0,0,1,0,1,5,0.181818181,0.285714285,0.272727272,0.249699507,10343
2019,John Ryan Murphy,ARI,3,22,27,10,3,0,9,9,3,3,0,0,0,0.526315789,0.59090909,1.157894736,0.682633297,10346
2019,Robbie Erlin,SDP,53.1,241,5.4,69,10,0,35,32,6,14,0,1,50,0.31081081,0.35,0.436936936,0.33448577,10354
2019,Brooks Pounders,NYM,7.1,34,6.1364,9,1,1,5,5,1,2,0,1,5,0.3,0.363636363,0.5,0.363717899,10387
2019,Mychal Givens,BAL,63,260,4.5714,49,4,3,35,32,13,26,1,2,86,0.213043478,0.296153846,0.426086956,0.303406304,10430
2019,Jake Petricka,MIL,8,36,3.375,6,3,0,3,3,0,6,1,0,3,0.206896551,0.333333333,0.310344827,0.277437639,10534
2019,Jimmy Nelson,MIL,10,42,3.6,9,1,0,4,4,2,7,0,1,13,0.264705882,0.404761904,0.470588235,0.37773096,10547
2019,Chad Bettis,COL,50.1,223,5.3642,58,11,1,33,30,8,13,2,5,33,0.284313725,0.342342342,0.465686274,0.339378024,10587
2019,Scott Alexander,LAD,17.1,76,3.6346,17,3,1,7,7,2,7,2,1,9,0.25,0.328947368,0.411764705,0.308033787,10591
2019,Tyler Thornburg,BOS,18.2,86,7.7143,21,10,1,16,16,4,10,0,1,22,0.28,0.372093023,0.6,0.398763561,10688
2019,Trevor Rosenthal,2 Tms,15.1,85,13.5,11,1,0,24,23,0,26,0,4,17,0.207547169,0.488095238,0.226415094,0.365921394,10745
2019,Shane Greene,2 Tms,62.2,252,2.2979,46,7,0,22,16,8,17,1,3,64,0.2,0.262948207,0.334782608,0.25677308,10756
2019,Jedd Gyorko,STL,0.1,1,0,0,0,0,0,0,0,0,0,0,1,0,0,0,0,10816
2019,R.J. Alaniz,2 Tms,15.2,71,9.1915,19,5,0,17,16,3,7,0,0,13,0.301587301,0.366197183,0.523809523,0.370418685,10819
2019,Asher Wojciechowski,BAL,0.2,3,0,1,0,0,0,0,0,0,0,0,2,0.333333333,0.333333333,0.333333333,0.289870024,10836
2019,Adam Kolarek,2 Tms,55,229,3.2727,48,8,1,22,20,7,16,4,3,45,0.228571428,0.292576419,0.376190476,0.280479263,10843
2019,Chasen Shreve,STL,2,10,9,2,2,0,2,2,0,1,0,1,2,0.25,0.4,0.5,0.384284842,10855
2019,Josh A. Smith,BOS,23.2,104,4.5634,24,4,0,14,12,8,5,1,2,23,0.24742268,0.298076923,0.536082474,0.339979463,10946
2019,Ryan O'Rourke,NYM,1.1,6,0,0,0,0,0,0,0,3,0,0,1,0,0.5,0,0.3451491,10976
2019,Vince Velasquez,PHI,10.1,48,4.3549,13,1,0,6,5,3,6,0,0,15,0.31707317,0.395833333,0.560975609,0.395907223,11189
2019,Grant Dayton,ATL,12,51,3,12,0,0,5,4,4,4,0,0,14,0.255319148,0.31372549,0.510638297,0.342670759,11203
2019,Casey Sadler,2 Tms,45.2,190,2.1679,40,5,1,13,11,5,13,2,4,30,0.235294117,0.303191489,0.364705882,0.284940115,11209
2019,Mike Freeman,CLE,2,8,9,2,1,0,2,2,1,0,0,0,0,0.25,0.25,0.75,0.394524902,11241
2019,Aaron Barrett,WSN,2.1,16,15.4288,5,0,0,4,4,1,4,0,0,1,0.416666666,0.5625,0.666666666,0.511197932,11243
2019,Aaron Altherr,PHI,1,5,9,2,1,0,1,1,0,0,0,0,2,0.4,0.4,0.6,0.417255092,11270
2019,Bryan Holaday,MIA,0.1,1,0,0,0,0,0,0,0,0,0,0,0,0,0,0,0,11287
2019,Tyler Lyons,2 Tms,12.2,54,6.3947,13,4,0,9,9,4,5,2,1,17,0.270833333,0.351851851,0.604166666,0.380056947,11334
2019,Tommy Kahnle,NYY,61.1,248,3.6685,45,8,1,27,25,9,20,0,2,88,0.2,0.27016129,0.364444444,0.271943619,11384
2019,Jose Quintana,CHC,4,20,0,5,2,0,2,0,0,3,0,0,8,0.294117647,0.4,0.411764705,0.355652779,11423
2019,Drew Pomeranz,2 Tms,28.2,106,1.8837,16,2,0,6,6,3,8,0,0,50,0.164948453,0.226415094,0.278350515,0.220188949,11426
2019,Brandon Workman,BOS,71.2,286,1.8837,29,7,0,18,15,1,45,4,2,104,0.123404255,0.266666666,0.165957446,0.208037965,11428
2019,Jesse Biddle,3 Tms,28,152,8.3571,42,6,1,33,26,5,22,1,4,26,0.338709677,0.447368421,0.524193548,0.410517343,11437
2019,Matt Grace,WSN,44.2,200,6.6492,61,13,0,34,33,11,10,0,2,32,0.329729729,0.36683417,0.578378378,0.390294049,11449
2019,A.J. Cole,CLE,26,118,3.8077,31,9,0,16,11,4,8,0,0,30,0.289719626,0.333333333,0.485981308,0.340884536,11467
2019,Josh Osich,CHW,67.2,272,4.6552,62,13,0,38,35,15,15,1,0,61,0.2421875,0.283088235,0.46875,0.310481825,11528
2019,Jose Urena,MIA,10,47,9,14,1,0,10,10,3,3,0,0,11,0.318181818,0.361702127,0.545454545,0.378771536,11589
2019,Dovydas Neverauskas,PIT,9.1,53,10.6072,15,6,0,11,11,2,7,1,2,10,0.348837209,0.452830188,0.627906976,0.439356896,11604
2019,Heath Hembree,BOS,39.2,173,3.8571,34,8,3,20,17,7,18,2,3,46,0.22368421,0.317919075,0.453947368,0.321715182,11632
2019,Carlos Martinez,STL,48.1,200,3.1655,39,6,0,18,17,2,18,1,3,53,0.220338983,0.301507537,0.288135593,0.262776262,11682
2019,Josh Lucas,BAL,15.2,69,5.7447,14,2,0,12,10,2,7,0,0,16,0.237288135,0.304347826,0.372881355,0.287544733,11686
2019,Tayron Guerrero,MIA,46,216,6.2609,42,8,0,34,32,7,36,0,6,43,0.245614035,0.388888888,0.415204678,0.351646221,11691
2019,Nick Kingham,2 Tms,40,180,6.3,52,15,0,28,28,7,18,1,0,30,0.325,0.393258426,0.55,0.393503329,11694
2019,Sam Dyson,2 Tms,62.1,249,3.3209,53,9,1,26,23,6,13,0,3,55,0.230434782,0.280487804,0.356521739,0.274078513,11710
2019,Luke Jackson,ATL,72.2,315,3.8394,76,9,0,34,31,10,26,4,2,106,0.265734265,0.331210191,0.402097902,0.311413226,11752
2019,Kyle Ryan,CHC,61,260,3.541,55,5,1,26,24,5,29,2,1,58,0.243362831,0.328185328,0.340707964,0.291556908,11753
2019,Drew Smyly,TEX,16,80,9.5625,21,4,1,18,17,7,10,0,0,15,0.3,0.3875,0.685714285,0.433773577,11760
2019,Hansel Robles,LAA,71.2,280,2.5116,58,11,0,20,20,6,16,1,0,74,0.223938223,0.26618705,0.335907335,0.256422412,11801
2019,Hector Neris,PHI,67.2,274,2.9261,45,7,0,24,22,10,24,1,6,89,0.185950413,0.273722627,0.338842975,0.265396532,11804
2019,Chris Martin,2 Tms,55.2,216,3.3952,52,7,0,23,21,9,5,0,0,65,0.248803827,0.263888888,0.411483253,0.281157017,11847
2019,Jason Adam,TOR,21.2,91,2.9077,15,4,0,8,7,1,10,1,3,18,0.2,0.307692307,0.293333333,0.265251536,11861
2019,Enderson Franco,SFG,5.1,20,3.375,4,1,0,2,2,1,1,0,0,4,0.210526315,0.25,0.421052631,0.279285878,11896
2019,Hanser Alberto,BAL,1,7,18,1,0,0,2,2,1,2,0,1,0,0.25,0.571428571,1,0.577049954,11902
2019,Michael Feliz,PIT,56,233,3.2143,40,6,1,22,20,10,26,1,2,73,0.197044334,0.293103448,0.384236453,0.289702473,11903
2019,Taylor Cole,LAA,44.1,196,5.0752,46,12,1,26,25,2,21,4,2,42,0.269005847,0.352040816,0.385964912,0.3132265,11964
2019,Nick Martini,OAK,1,5,0,0,0,0,0,0,0,2,0,0,1,0,0.4,0,0.27611928,12005
2019,Matt Andriese,ARI,70.2,310,4.7123,72,17,2,37,37,8,27,4,3,79,0.261818181,0.331168831,0.425454545,0.317186127,12022
2019,Brian Flynn,KCR,27.1,123,3.2927,30,6,0,11,10,2,17,2,1,19,0.3,0.4,0.42,0.350713339,12027
2019,Felipe Vazquez,PIT,60,236,1.65,43,9,1,12,11,5,13,0,4,90,0.197247706,0.254237288,0.316513761,0.24735809,12076
2019,Yimi Garcia,LAD,62.1,247,3.6096,40,9,1,28,25,15,14,2,6,66,0.177777777,0.243902439,0.426666666,0.275471546,12095
2019,Parker Markel,2 Tms,22,110,7.7727,26,7,0,21,19,6,17,1,3,24,0.288888888,0.418181818,0.566666666,0.409735974,12106
2019,Cody Allen,LAA,23,116,6.2609,24,6,1,16,16,9,20,0,0,29,0.255319148,0.382608695,0.627659574,0.409110057,12183
2019,Dan Winkler,ATL,21.2,93,4.9846,18,4,1,14,12,5,11,0,1,22,0.222222222,0.322580645,0.481481481,0.337233614,12237
2019,Aaron Brooks,2 Tms,28,111,2.8929,18,4,0,9,9,4,6,0,4,23,0.178217821,0.252252252,0.336633663,0.255311392,12272
2019,Evan Marshall,CHW,50.2,209,2.4868,42,8,0,16,14,5,24,2,0,41,0.228260869,0.315789473,0.353260869,0.289063984,12297
2019,Chris Bassitt,OAK,5,19,0,1,0,0,0,0,0,2,0,1,9,0.0625,0.210526315,0.0625,0.156285575,12304
2019,Jacob Barnes,2 Tms,31.2,152,6.821,34,6,1,27,24,6,19,1,0,29,0.259541984,0.34868421,0.458015267,0.338764169,12323
2019,Nick Tropeano,LAA,8.2,41,8.3077,12,1,0,8,8,5,3,0,1,7,0.324324324,0.390243902,0.756756756,0.461514854,12385
2019,Seth Lugo,NYM,80,314,2.7,56,10,1,28,24,8,16,4,5,104,0.192439862,0.246006389,0.316151202,0.237110641,12447
2019,Chasen Bradford,SEA,16.2,69,4.86,17,3,0,9,9,6,4,0,0,11,0.265625,0.304347826,0.59375,0.362395254,12452
2019,Drew Gagnon,NYM,23.2,117,8.3662,34,6,0,26,22,11,7,0,2,17,0.314814814,0.367521367,0.675925925,0.424690273,12545
2019,Blake Treinen,OAK,58.2,266,4.9091,58,9,0,33,32,9,37,1,1,59,0.256637168,0.36226415,0.415929203,0.336212691,12572
2019,Nick Ramirez,DET,79.2,348,4.0669,76,16,3,45,36,11,35,4,1,74,0.246753246,0.32276657,0.425324675,0.313437582,12575
2019,DJ Johnson,COL,25,116,5.04,23,5,1,14,14,1,19,2,3,24,0.247311827,0.391304347,0.354838709,0.330604998,12578
2019,Adam Morgan,PHI,29.2,120,3.9438,20,3,1,14,13,4,10,1,3,29,0.186915887,0.275,0.345794392,0.2667463,12580
2019,Mike Wright,2 Tms,29.1,147,7.9773,44,12,0,30,26,6,12,1,2,30,0.335877862,0.394557823,0.564885496,0.396429922,12586
2019,Nate Karns,BAL,1.1,8,0,3,0,0,0,0,0,0,0,1,0,0.428571428,0.5,0.428571428,0.416006207,12638
2019,Jerad Eickhoff,PHI,5,25,9,9,2,0,5,5,2,1,0,0,7,0.375,0.4,0.708333333,0.45402988,12664
2019,Roenis Elias,2 Tms,50,216,3.96,46,7,0,32,22,10,18,1,1,47,0.235897435,0.302325581,0.425641025,0.306471855,12673
2019,Ryne Harper,MIN,54.1,225,3.8098,54,11,1,25,23,7,10,0,1,50,0.257142857,0.290178571,0.419047619,0.297087612,12680
2019,Adrian Houser,MIL,30.2,115,1.4674,18,1,1,6,5,2,11,1,0,33,0.18,0.254385964,0.27,0.227453728,12718
2019,Rafael Montero,TEX,29,113,2.4828,23,3,1,8,8,5,5,0,2,34,0.216981132,0.265486725,0.405660377,0.282665056,12760
2019,Chris Devenski,HOU,67,287,4.8358,64,13,3,36,36,13,21,0,3,72,0.247104247,0.307692307,0.471042471,0.324153526,12763
2019,Jairo Diaz,COL,57.2,245,4.526,56,13,3,34,29,7,19,0,2,63,0.251121076,0.314285714,0.430493273,0.315231304,12774
2019,John Brebbia,STL,72.2,304,3.5917,59,12,1,31,29,6,27,2,3,87,0.216117216,0.292763157,0.333333333,0.271409666,12777
2019,Sam Gaviglio,TOR,95.2,392,4.6098,85,18,0,51,49,18,22,0,4,88,0.234806629,0.283887468,0.433701657,0.300475493,12778
2019,Taylor Davis,CHC,1,6,0,3,0,0,0,0,0,0,0,0,0,0.5,0.5,0.5,0.434805036,12782
2019,Burch Smith,2 Tms,21.1,106,5.4844,26,5,1,14,13,3,14,2,1,20,0.288888888,0.39047619,0.466666666,0.361331191,12784
2019,Cody Anderson,CLE,5,23,5.4,7,2,0,3,3,0,2,0,0,5,0.35,0.409090909,0.45,0.370998979,12799
2019,Noe Ramirez,LAA,59.1,245,3.6405,52,11,1,24,24,8,17,1,5,69,0.234234234,0.302040816,0.4009009,0.298758179,12800
2019,Matt Wisler,2 Tms,41.1,190,6.9677,52,12,1,34,32,10,15,0,0,53,0.300578034,0.354497354,0.554913294,0.376177266,12804
2019,Andrew Kittredge,TBR,38,155,3.3158,34,4,1,15,14,5,9,0,2,38,0.239436619,0.29032258,0.387323943,0.287839421,12828
2019,Shawn Armstrong,2 Tms,58,271,5.7414,66,13,1,38,37,8,29,1,4,63,0.282051282,0.366666666,0.448717948,0.346951697,12857
2019,Matt Barnes,BOS,64.1,285,3.7772,51,9,0,29,27,8,38,2,2,110,0.209876543,0.320422535,0.345679012,0.291922609,12863
2019,Danny Hultzen,CHC,3.1,18,0,4,0,0,0,0,0,2,0,1,5,0.266666666,0.388888888,0.266666666,0.309903118,12874
2019,Alex Claudio,MIL,62,267,4.0645,57,15,1,29,28,8,24,2,6,44,0.245689655,0.328301886,0.422413793,0.31746873,12890
2019,Ken Giles,TOR,53,208,1.8679,36,10,0,11,11,5,17,1,0,83,0.188481675,0.254807692,0.319371727,0.247202443,12910
2019,Archie Bradley,ARI,70.1,306,3.0711,62,15,2,26,24,5,34,2,5,85,0.235741444,0.332236842,0.365019011,0.302899744,12918
2019,Jose Osuna,PIT,2.1,9,3.8572,3,0,0,1,1,1,0,0,0,0,0.333333333,0.333333333,0.666666666,0.408750441,12937
2019,Gabriel Ynoa,BAL,46.1,201,5.0504,53,9,0,31,26,9,11,1,0,37,0.278947368,0.31840796,0.468421052,0.328725637,12938
2019,Joe Musgrove,PIT,2,6,0,0,0,0,0,0,0,0,0,0,1,0,0,0,0,12970
2019,Joe Ross,WSN,19.1,103,11.1724,31,10,0,26,24,4,11,1,4,19,0.360465116,0.450980392,0.616279069,0.440475447,12972
2019,Andrew Chafin,ARI,52.2,225,3.7595,52,4,0,23,22,6,18,0,2,68,0.257425742,0.324324324,0.366336633,0.301312135,12988
2019,Colten Brewer,BOS,54.2,253,4.1159,59,12,1,26,25,6,34,1,2,52,0.276995305,0.376984126,0.427230046,0.345692769,12997
2019,Robby Scott,ARI,7.1,37,4.9091,8,3,0,4,4,1,7,0,0,9,0.275862068,0.416666666,0.48275862,0.386112713,13042
2019,Reymin Guduan,HOU,5.1,27,11.8126,8,1,0,7,7,3,4,0,0,6,0.363636363,0.444444444,0.818181818,0.491662961,13058
2019,Wei-Yin Chen,MIA,68.1,307,6.5854,87,20,2,54,50,15,18,2,5,63,0.310714285,0.360655737,0.557142857,0.378236692,13071
2019,Derek Law,TOR,56.2,265,4.4471,56,14,1,31,28,7,37,3,3,65,0.253393665,0.365019011,0.420814479,0.335898488,13133
2019,Kyle Crick,PIT,49,226,4.9592,41,6,1,30,27,10,35,1,7,61,0.224043715,0.367256637,0.431693989,0.344887389,13182
2019,Adalberto Mejia,3 Tms,31.1,145,6.6064,33,8,1,25,23,4,21,0,0,30,0.268292682,0.372413793,0.447154471,0.351096119,13188
2019,Joe Biagini,2 Tms,64.2,281,4.5928,71,15,1,35,33,14,26,3,1,60,0.280632411,0.35,0.513833992,0.358059785,13194
2019,Ross Stripling,LAD,20.2,88,3.0484,19,6,1,10,7,1,6,0,1,22,0.2375,0.295454545,0.375,0.286309781,13273
2019,Matt Carasiti,SEA,5.1,20,0,2,1,0,0,0,0,3,0,0,5,0.125,0.25,0.1875,0.207858503,13276
2019,Jesse Hahn,KCR,4.2,27,13.4999,7,2,0,7,7,1,6,1,0,7,0.333333333,0.481481481,0.571428571,0.434722919,13287
2019,Jake Barrett,NYY,3.2,19,14.7271,6,2,0,6,6,2,2,0,0,4,0.352941176,0.421052631,0.823529411,0.496432367,13322
2019,James Pazos,COL,10.1,39,1.7419,7,1,0,2,2,1,4,1,0,10,0.2,0.282051282,0.314285714,0.251977478,13323
2019,Adrian Sampson,TEX,46.2,206,5.0143,51,17,1,27,26,7,17,1,3,34,0.277173913,0.344660194,0.494565217,0.349274902,13339
2019,Luis Cessa,NYY,81,343,4.1111,75,13,1,42,37,14,31,1,3,75,0.245901639,0.317784256,0.432786885,0.316483674,13345
2019,Hoby Milner,TBR,3.2,17,7.3636,4,3,0,3,3,0,1,0,1,3,0.266666666,0.352941176,0.466666666,0.348771993,13346
2019,Luke Maile,TOR,2,8,0,1,0,0,0,0,0,0,0,1,3,0.142857142,0.25,0.142857142,0.19860369,13355
2019,Cam Bedrosian,LAA,54.1,230,3.3129,44,5,2,28,20,6,19,0,3,56,0.212560386,0.286956521,0.342995169,0.273955637,13360
2019,Steven Matz,NYM,1,6,0,3,0,0,0,0,0,0,0,0,0,0.5,0.5,0.5,0.434805036,13361
2019,Brady Rodgers,HOU,5,25,16.2,7,1,0,9,9,4,3,0,0,4,0.318181818,0.4,0.909090909,0.511396618,13393
2019,Dylan Floro,LAD,46.2,201,4.2429,46,8,1,25,22,4,14,5,2,42,0.252747252,0.311557788,0.373626373,0.285405818,13394
2019,Sam Selman,SFG,10.1,44,4.3549,6,1,0,5,5,2,6,0,2,10,0.171428571,0.325581395,0.371428571,0.308948636,13397
2019,Felix Pena,LAA,67.2,283,4.2562,55,12,0,35,32,11,23,0,2,77,0.214007782,0.282685512,0.389105058,0.286493557,13403
2019,Matt Koch,ARI,20.2,96,9.1451,29,8,0,21,21,8,4,0,5,9,0.333333333,0.395833333,0.701149425,0.44699807,13420
2019,Drew VerHagen,DET,38.1,167,5.8696,42,8,1,25,25,5,17,1,3,29,0.287671232,0.371257485,0.458904109,0.35247903,13424
2019,Mike Morin,2 Tms,50.2,210,4.6184,46,10,0,29,26,6,10,0,4,26,0.238341968,0.288461538,0.383419689,0.286884706,13442
2019,Taylor Rogers,MIN,69,278,2.6087,58,9,0,20,20,8,11,2,6,90,0.224806201,0.272727272,0.352713178,0.266110888,13449
2019,Lucas Sims,CIN,26.1,110,3.4177,17,2,1,10,10,5,15,0,1,40,0.180851063,0.3,0.382978723,0.296001802,13470
2019,Daniel Norris,DET,8.1,38,4.32,11,2,0,4,4,3,3,0,0,4,0.323529411,0.378378378,0.647058823,0.42001317,13475
2019,Connor Sadzeck,SEA,23.2,107,2.662,18,4,0,10,7,3,15,1,2,27,0.2,0.327102803,0.344444444,0.295788561,13483
2019,Sam Tuivailala,SEA,21,86,2.5714,13,3,1,6,6,1,9,0,2,26,0.175675675,0.279069767,0.283783783,0.252634284,13485
2019,Tom Murphy,SEA,3,11,6,1,1,0,2,2,0,1,0,0,2,0.125,0.181818181,0.25,0.173360326,13499
2019,Brandon Brennan,SEA,47.1,196,4.5634,34,8,0,25,24,6,24,4,0,47,0.201183431,0.295918367,0.355029585,0.273795268,13527
2019,Matt Bowman,CIN,32,137,3.6563,27,8,0,15,13,2,13,3,0,25,0.221311475,0.291970802,0.336065573,0.263423462,13528
2019,Roman Quinn,PHI,3.1,19,8.1001,7,1,0,3,3,0,3,1,0,1,0.4375,0.526315789,0.5,0.434162345,13546
2019,Richard Rodriguez,PIT,65.1,285,3.7194,65,5,0,30,27,14,23,3,2,63,0.251937984,0.316901408,0.434108527,0.31488707,13549
2019,Jose Peraza,CIN,1.1,4,0,1,0,0,0,0,0,0,0,0,0,0.25,0.25,0.25,0.217402518,13593
2019,Robert Stephenson,CIN,64.2,262,3.7577,43,15,2,30,27,9,24,4,0,81,0.182203389,0.25670498,0.377118644,0.262074517,13594
2019,Humberto Arteaga,KCR,1.2,8,5.3999,2,0,0,1,1,1,1,0,0,0,0.285714285,0.375,0.714285714,0.437430263,13595
2019,Carl Edwards Jr.,2 Tms,17,78,8.4706,12,1,0,17,16,3,13,0,1,19,0.19047619,0.333333333,0.349206349,0.303656968,13607
2019,Taylor Guerrieri,TEX,26.1,123,5.8101,26,4,3,19,17,3,22,0,2,27,0.262626262,0.406504065,0.454545454,0.372447716,13616
2019,Josh D. Smith,2 Tms,12.2,64,6.3948,11,4,1,9,9,0,11,2,3,14,0.224489795,0.390625,0.346938775,0.322317408,13629
2019,Clay Holmes,PIT,50,240,5.58,45,9,1,36,31,5,36,1,9,56,0.231958762,0.376569037,0.365979381,0.331505828,13649
2019,Tayler Scott,2 Tms,15,83,13.2,29,4,0,24,22,6,7,0,4,13,0.402777777,0.48192771,0.708333333,0.490788206,13652
2019,Corey Oswalt,NYM,6.2,34,12.1499,9,4,0,9,9,1,6,1,0,5,0.321428571,0.44117647,0.571428571,0.416246262,13677
2019,John Gant,STL,66.1,269,3.6633,51,11,1,29,27,4,34,1,0,60,0.217021276,0.31598513,0.323404255,0.28315919,13684
2019,Nick Goody,CLE,40.2,173,3.541,30,5,1,18,16,7,22,1,0,50,0.201342281,0.300578034,0.389261744,0.293422746,13685
2019,Sal Romano,CIN,16.1,77,7.7143,22,8,0,14,14,4,8,1,1,16,0.328358208,0.402597402,0.626865671,0.417616658,13690
2019,Robert Gsellman,NYM,63.2,277,4.6649,64,18,1,36,33,7,23,2,6,60,0.261224489,0.336956521,0.428571428,0.324315659,13696
2019,Jake Faria,2 Tms,18.2,95,6.75,28,7,0,15,14,5,12,0,1,19,0.345679012,0.431578947,0.61728395,0.432956693,13699
2019,Kyle Barraclough,2 Tms,33.2,164,5.6139,38,7,0,24,21,9,21,2,2,40,0.273381294,0.374233128,0.517985611,0.370546512,13713
2019,Jacob Stallings,PIT,1,3,0,0,0,0,0,0,0,0,0,0,0,0,0,0,0,13723
2019,Max Fried,ATL,5.1,19,0,1,0,0,0,0,0,3,0,0,5,0.066666666,0.210526315,0.066666666,0.154763404,13743
2019,Tyler Duffey,MIN,57.2,238,2.4971,44,6,0,23,16,8,14,1,3,82,0.200913242,0.257383966,0.337899543,0.254390254,13758
2019,Chris Stratton,2 Tms,53,233,4.9245,61,17,1,32,29,9,19,1,0,52,0.286384976,0.343347639,0.502347417,0.351983798,13761
2019,Dominic Leone,STL,40.2,180,5.5328,39,9,0,28,25,9,22,2,0,46,0.25,0.340782122,0.48076923,0.341658579,13763
2019,Roberto Osuna,HOU,65,252,2.6308,45,5,1,20,19,8,12,0,2,73,0.189873417,0.234126984,0.320675105,0.237335485,13764
2019,JT Chargois,LAD,21.1,88,6.3281,21,4,1,16,15,4,5,2,2,28,0.272727272,0.318181818,0.506493506,0.326726353,13767
2019,Zach Eflin,PHI,5.2,22,1.5882,3,1,0,1,1,1,3,0,0,7,0.157894736,0.272727272,0.368421052,0.277122904,13774
2019,Daniel Stumpf,DET,29,135,4.3448,35,6,1,18,14,5,15,1,0,28,0.301724137,0.373134328,0.5,0.362344986,13780
2019,Matt Strahm,SDP,33,134,3.2727,31,5,0,12,12,3,5,2,2,37,0.246031746,0.285714285,0.357142857,0.270322852,13799
2019,Austin Adams,2 Tms,30.1,121,3.2637,17,5,0,11,11,3,14,0,1,51,0.161904761,0.264462809,0.295238095,0.248857961,13801
2019,Walker Lockett,NYM,5.1,26,10.1251,10,0,0,6,6,3,1,0,0,3,0.4,0.423076923,0.76,0.484468084,13804
2019,Kevin Plawecki,CLE,2,6,0,0,0,0,0,0,0,0,0,0,0,0,0,0,0,13807
2019,Alec Mills,CHC,16,65,2.8125,12,1,1,5,5,3,5,0,2,16,0.206896551,0.292307692,0.413793103,0.300638192,13834
2019,Paul Sewald,NYM,19.2,80,4.5763,18,6,0,10,10,3,3,0,1,22,0.243243243,0.278481012,0.445945945,0.300445551,13892
2019,Chris Flexen,NYM,9.1,46,4.8214,8,5,0,6,5,1,9,1,0,10,0.216216216,0.369565217,0.432432432,0.339654811,13896
2019,Scott Oberg,COL,56,223,2.25,39,2,1,18,14,5,23,2,0,58,0.195979899,0.278026905,0.291457286,0.249385473,13911
2019,Brent Suter,MIL,18.1,65,0.4909,10,2,1,1,1,1,1,0,0,15,0.15625,0.169230769,0.265625,0.181689822,13942
2019,Tim Peterson,NYM,7.1,35,4.9091,7,1,0,4,4,1,7,1,1,3,0.259259259,0.428571428,0.407407407,0.363684065,13946
2019,Ryan Dull,3 Tms,12.2,71,12.7895,25,10,0,19,18,5,7,0,1,15,0.409836065,0.471428571,0.819672131,0.515881865,13974
2019,Ryan Garton,SEA,3,14,12,4,1,0,4,4,2,1,0,0,1,0.307692307,0.357142857,0.846153846,0.475402951,14016
2019,Michael Wacha,STL,12.2,59,5.6842,19,3,0,8,8,4,4,0,0,12,0.351851851,0.396551724,0.629629629,0.42421802,14078
2019,Branden Kline,BAL,41,183,5.9268,44,10,0,28,27,9,19,0,1,34,0.275,0.35359116,0.50625,0.360207709,14101
2019,Kevin Gausman,CIN,20.1,82,3.0984,18,4,0,8,7,2,5,1,1,27,0.24,0.296296296,0.373333333,0.283268279,14107
2019,Jose Rondon,CHW,1,5,0,2,0,0,0,0,0,0,0,0,0,0.4,0.4,0.4,0.347844028,14140
2019,Daniel Robertson,TBR,1,3,0,1,0,0,0,0,0,0,0,0,0,0.333333333,0.333333333,0.333333333,0.289870024,14145
2019,Chris Mazza,NYM,16.1,74,5.5102,21,9,1,10,10,0,5,0,4,11,0.328125,0.405405405,0.5,0.383420044,14151
2019,Kyle Zimmer,KCR,18.1,102,10.8,28,8,1,22,22,2,19,0,0,18,0.337349397,0.460784313,0.530120481,0.421965127,14169
2019,Josh Hader,MIL,75.2,289,2.6167,41,7,2,24,22,15,20,2,4,138,0.154716981,0.224913494,0.366037735,0.24652722,14212
2019,Ray Black,2 Tms,16,70,5.0625,14,0,1,9,9,5,9,0,1,18,0.233333333,0.342857142,0.516666666,0.358792402,14244
2019,Brian Johnson,BOS,17.1,85,7.2692,21,10,1,14,14,3,12,3,0,16,0.291666666,0.392857142,0.583333333,0.392768208,14272
2019,Luke Bard,LAA,46,186,4.8913,38,5,0,26,25,8,13,1,4,37,0.226190476,0.295698924,0.398809523,0.294596246,14288
2019,Wandy Peralta,2 Tms,39.2,172,5.6723,40,6,0,25,25,11,16,3,2,32,0.264900662,0.337209302,0.523178807,0.349397702,14295
2019,Joel Payamps,ARI,4,17,4.5,4,0,0,2,2,0,3,0,0,3,0.307692307,0.4375,0.307692307,0.34683343,14332
2019,Williams Jerez,2 Tms,10.1,48,4.3548,12,2,1,5,5,2,9,0,0,9,0.307692307,0.4375,0.564102564,0.419611832,14338
2019,Caleb Frare,CHW,2.2,14,10.1249,2,0,0,3,3,1,4,0,0,3,0.2,0.428571428,0.5,0.397881193,14353
2019,Ty Blach,SFG,6.1,36,14.2106,14,2,0,10,10,2,4,0,0,3,0.4375,0.5,0.6875,0.493602554,14361
2019,Amir Garrett,CIN,56,246,3.2143,44,9,0,22,20,7,35,1,4,78,0.212560386,0.337398373,0.357487922,0.307031934,14375
2019,Wei-Chung Wang,2 Tms,31,129,3.7742,27,5,0,13,13,4,14,0,1,18,0.238938053,0.325581395,0.38938053,0.309130525,14382
2019,Yohander Mendez,TEX,4.2,21,5.7857,4,0,0,3,3,2,5,0,0,8,0.25,0.428571428,0.625,0.431894229,14391
2019,Adam Conley,MIA,60.2,283,6.5275,76,17,3,45,44,10,29,6,3,53,0.307692307,0.385714285,0.522267206,0.374825823,14457
2019,Matt Ramsey,LAA,1,3,0,0,0,0,0,0,0,0,0,0,1,0,0,0,0,14460
2019,J.B. Wendelken,OAK,32.2,131,3.5816,21,6,1,14,13,2,9,2,2,34,0.177966101,0.246153846,0.296610169,0.229796268,14506
2019,Randy Rosario,2 Tms,14.1,63,4.3953,15,4,0,9,7,2,5,0,0,13,0.258620689,0.317460317,0.431034482,0.31783668,14508
2019,Dereck Rodriguez,SFG,20.2,92,6.5322,23,6,0,15,15,3,7,0,1,15,0.273809523,0.336956521,0.452380952,0.33526567,14509
2019,Thyago Vieira,CHW,7,37,9,11,1,0,8,7,0,5,0,0,8,0.34375,0.432432432,0.375,0.361196138,14510
2019,Jose Leclerc,TEX,65,282,4.4308,48,16,1,33,32,7,37,1,6,96,0.205128205,0.326164874,0.371794871,0.304349251,14524
2019,Jorge Lopez,KCR,37.1,162,5.7857,42,5,1,27,24,6,11,0,0,38,0.283783783,0.327160493,0.452702702,0.326735355,14527
2019,Carlos Estevez,COL,72,308,3.75,70,20,0,34,30,12,23,1,1,81,0.25,0.306188925,0.45,0.31555123,14542
2019,Jose Ruiz,CHW,38.1,190,5.8696,53,10,0,27,25,6,24,2,2,34,0.333333333,0.422459893,0.509433962,0.392456372,14552
2019,James Hoyt,CLE,8.1,32,2.16,6,0,1,2,2,2,2,0,0,10,0.2,0.25,0.466666666,0.29367217,14605
2019,Rowan Wick,CHC,33.1,140,2.43,22,6,0,13,9,0,16,1,3,35,0.183333333,0.294964028,0.233333333,0.24439047,14646
2019,Chi Chi Gonzalez,COL,5,22,3.6,3,0,1,4,2,1,2,0,0,8,0.15,0.227272727,0.4,0.259943431,14663
2019,Jandel Gustave,SFG,24.1,99,2.9589,18,4,0,11,8,1,9,0,0,14,0.209302325,0.275510204,0.290697674,0.248202144,14665
2019,Dillon Maples,CHC,11.2,54,5.4,6,0,0,7,7,2,10,0,4,18,0.15,0.37037037,0.3,0.317358662,14672
2019,Duane Underwood Jr.,CHC,11.2,51,5.4,13,4,1,7,7,2,3,0,1,13,0.276595744,0.333333333,0.531914893,0.358480762,14677
2019,Luis Perdomo,SDP,68.2,284,4.1942,67,12,1,33,32,6,18,1,2,55,0.25572519,0.308510638,0.377862595,0.294238415,14682
2019,Keone Kela,PIT,29.2,119,2.1236,19,9,0,7,7,3,11,0,1,33,0.177570093,0.260504201,0.345794392,0.261918993,14696
2019,Anthony Banda,TBR,4,18,6.75,6,4,0,3,3,0,0,0,0,2,0.333333333,0.333333333,0.555555555,0.366993427,14706
2019,Brady Lail,NYY,2.2,10,10.1249,2,0,0,3,3,1,1,0,0,2,0.222222222,0.3,0.555555555,0.34994421,14707
2019,Edwin Diaz,NYM,58,254,5.5862,58,10,0,36,36,15,22,3,4,99,0.257777777,0.33201581,0.502222222,0.343797349,14710
2019,Ty Buttrey,LAA,72.1,309,3.9816,69,10,1,34,32,8,23,0,5,84,0.247311827,0.313915857,0.376344086,0.2982699,14719
2019,Jose Manuel Fernandez,DET,3.2,23,17.1817,6,2,0,8,7,1,5,1,1,2,0.375,0.52173913,0.6875,0.475550321,14733
2019,Paul Blackburn,OAK,8,39,9,14,3,1,9,8,2,1,0,0,4,0.378378378,0.394736842,0.675675675,0.439612047,14739
2019,Tyler Olson,CLE,30.2,140,4.4022,34,10,0,15,15,3,16,2,2,28,0.280991735,0.371428571,0.438016528,0.343113627,14741
2019,Wes Parsons,2 Tms,34.2,157,5.4519,32,3,1,24,21,6,29,2,2,26,0.264462809,0.406451612,0.454545454,0.366170759,14764
2019,Julio Urias,LAD,49.1,200,2.0068,33,3,0,15,11,4,19,1,3,48,0.186440677,0.275,0.27118644,0.244226227,14765
2019,Emilio Pagan,TBR,70,267,2.3143,45,6,3,19,18,12,13,1,1,96,0.178571428,0.220973782,0.369047619,0.244492043,14771
2019,Ryan Eades,2 Tms,11.1,50,2.3823,11,3,0,3,3,2,6,0,1,10,0.255813953,0.36,0.465116279,0.352154658,14808
2019,Kyle Farmer,CIN,1.1,5,0,1,0,0,0,0,0,0,0,0,0,0.2,0.2,0.2,0.173922014,14813
2019,Buck Farmer,DET,65.2,279,3.7005,60,13,3,31,27,8,23,2,5,69,0.24691358,0.32,0.423868312,0.312521202,14814
2019,Dylan Covey,CHW,9.2,52,5.5862,14,2,0,7,6,1,3,1,3,5,0.311111111,0.392156862,0.422222222,0.349536602,14825
2019,Michael Lorenzen,CIN,83.1,343,2.916,68,12,1,29,27,9,28,1,2,85,0.221498371,0.289085545,0.355048859,0.277110526,14843
2019,Joe Mantiply,NYY,3,14,9,3,0,1,3,3,1,2,0,0,2,0.25,0.357142857,0.666666666,0.408482535,14857
2019,Zack Godley,2 Tms,53,218,4.4151,44,9,1,26,26,9,20,0,3,40,0.226804123,0.30875576,0.422680412,0.311698997,14862
2019,Nick Rumbelow,SEA,1.1,9,27.0007,3,0,0,4,4,2,1,0,0,2,0.375,0.444444444,1.125,0.604330659,14867
2019,Taylor Williams,MIL,14.2,73,9.8182,22,4,0,17,16,1,7,2,2,15,0.34375,0.424657534,0.453125,0.372950655,14899
2019,Jon Gray,COL,0.1,4,0,0,0,0,0,0,0,3,2,0,0,0,0.75,0,0.3451491,14916
2019,Ben Lively,KCR,1,6,27,3,0,0,3,3,1,0,0,0,1,0.5,0.5,1,0.613125662,14932
2019,Rookie Davis,PIT,7.2,33,5.8695,8,2,0,5,5,2,3,0,0,8,0.275862068,0.34375,0.551724137,0.370679166,14962
2019,Reyes Moronta,SFG,56.2,246,2.8588,41,9,0,19,18,4,33,1,3,70,0.197115384,0.314285714,0.298076923,0.275837732,14966
2019,Victor Caratini,CHC,2,9,9,2,0,0,2,2,1,1,0,0,0,0.25,0.333333333,0.625,0.3888269,14968
2019,Tyler Webb,STL,55,221,3.7636,33,5,2,23,23,7,23,3,2,48,0.171875,0.264840182,0.328125,0.252245779,14974
2019,Giovanny Gallegos,STL,74,279,2.3108,44,10,1,19,19,9,16,2,3,93,0.169884169,0.225806451,0.32046332,0.230483568,14986
2019,Scott Barlow,KCR,70.1,310,4.2228,64,16,4,33,33,6,37,3,3,92,0.239700374,0.337662337,0.397003745,0.314402917,14993
2019,Yacksel Rios,2 Tms,13,65,6.9231,16,4,0,13,10,4,8,0,3,12,0.31372549,0.421875,0.62745098,0.425964396,15007
2019,Alex Reyes,STL,3,17,15,2,0,0,5,5,1,6,0,0,1,0.2,0.470588235,0.5,0.408878418,15015
2019,Victor Alcantara,DET,42.2,182,4.8516,45,10,0,25,23,8,15,0,2,24,0.276073619,0.342541436,0.484662576,0.347819383,15028
2019,Chase De Jong,MIN,1,9,36,3,0,0,4,4,1,3,0,0,0,0.5,0.666666666,1,0.638849841,15036
2019,Tim Mayza,TOR,51.1,227,4.9091,45,13,0,29,28,8,27,2,1,55,0.229591836,0.323008849,0.418367346,0.313304629,15042
2019,Lou Trivino,OAK,60,269,5.25,61,16,0,40,35,7,31,2,3,57,0.265217391,0.355805243,0.426086956,0.333074988,15043
2019,Trevor Gott,SFG,52.2,214,4.443,41,5,1,26,26,4,17,0,2,57,0.215789473,0.28169014,0.315789473,0.260572291,15046
2019,Austin Voth,WSN,2.1,9,0,2,1,0,0,0,0,0,0,0,4,0.222222222,0.222222222,0.333333333,0.231808384,15047
2019,Jaime Schultz,LAD,5,22,7.2,6,2,0,4,4,1,3,0,0,3,0.315789473,0.409090909,0.578947368,0.411481337,15066
2019,Yency Almonte,COL,34,157,5.5588,39,12,0,22,21,7,14,0,1,29,0.278571428,0.346153846,0.514285714,0.358668699,15068
2019,Kyle McGowin,WSN,12,56,9.75,16,2,0,14,13,5,3,0,1,16,0.32,0.363636363,0.66,0.413592811,15071
2019,Hunter Wood,2 Tms,41.1,177,3.2661,42,6,1,19,15,7,10,0,1,35,0.25609756,0.301136363,0.432926829,0.308960385,15091
2019,Ben Heller,NYY,7.1,28,1.2273,6,1,0,1,1,1,3,1,0,9,0.25,0.333333333,0.416666666,0.308278304,15100
2019,Luke Farrell,TEX,11.1,41,2.3824,5,0,0,3,3,3,3,0,0,12,0.131578947,0.195121951,0.368421052,0.234846737,15101
2019,Jimmie Sherfy,ARI,18.1,83,5.8909,23,4,0,12,12,4,5,0,1,22,0.302631578,0.353658536,0.513157894,0.363898273,15118
2019,Drew Anderson,PHI,6,30,7.5,6,0,0,5,5,1,6,2,0,6,0.25,0.4,0.375,0.323170607,15130
2019,Jake Newberry,KCR,31,137,3.7742,29,8,1,13,13,7,16,2,1,29,0.247863247,0.335766423,0.512820512,0.344647409,15136
2019,Jimmy Yacabonis,BAL,33.1,158,6.75,43,9,1,26,25,7,19,0,2,29,0.313868613,0.405063291,0.547445255,0.400124728,15157
2019,Glenn Sparkman,KCR,17.2,82,4.0755,23,4,0,8,8,2,6,0,2,11,0.315068493,0.37804878,0.452054794,0.354991811,15200
2019,Tyler Bashlor,NYM,22,103,6.9545,21,2,0,17,17,6,17,2,0,20,0.25,0.372549019,0.488095238,0.357299377,15203
2019,Brandon Dixon,DET,2,9,9,1,0,0,2,2,1,0,0,2,1,0.142857142,0.333333333,0.571428571,0.375330302,15214
2019,Aaron Slegers,TBR,3,12,3,3,0,0,1,1,1,0,0,1,0,0.272727272,0.333333333,0.545454545,0.366497785,15231
2019,Cody Reed,CIN,6.1,25,1.4211,6,0,0,1,1,0,1,1,0,7,0.25,0.28,0.25,0.217402518,15232
2019,Kevin McCarthy,KCR,60.1,268,4.4751,68,19,0,31,30,4,21,6,2,38,0.284518828,0.342105263,0.414225941,0.314615934,15240
2019,Cole Sulser,TBR,7.1,29,0,5,1,0,0,0,0,3,0,0,9,0.192307692,0.275862068,0.23076923,0.233310354,15256
2019,Shane Carle,ATL,9.1,49,9.6429,11,3,1,10,10,3,9,2,3,6,0.297297297,0.469387755,0.675675675,0.456719125,15258
2019,Keynan Middleton,LAA,7.2,33,1.1739,4,2,0,1,1,0,7,0,0,6,0.153846153,0.333333333,0.23076923,0.272867828,15264
2019,Jacob Rhame,NYM,6.1,30,4.2632,3,2,0,4,3,1,9,0,0,5,0.15,0.413793103,0.4,0.36501891,15267
2019,Zac Reininger,DET,26,128,7.9615,39,12,2,24,23,10,15,1,0,15,0.351351351,0.421875,0.765765765,0.470564403,15285
2019,Adam Cimber,CLE,56.2,244,4.4471,56,10,1,29,28,6,19,2,4,41,0.256880733,0.32510288,0.394495412,0.306471419,15288
2019,Austin Pruitt,TBR,36.2,154,5.4,39,9,0,22,22,6,11,2,0,29,0.280575539,0.328947368,0.474820143,0.33113678,15290
2019,Steven Brault,PIT,17.2,78,6.1132,17,7,0,12,12,2,11,0,1,14,0.261538461,0.376623376,0.461538461,0.359287085,15291
2019,Donnie Hart,2 Tms,7.2,29,0,4,0,0,0,0,0,4,1,0,3,0.16,0.275862068,0.16,0.198190532,15306
2019,Mike Mayers,STL,19,88,6.6316,21,5,2,14,14,3,11,2,1,16,0.276315789,0.375,0.513157894,0.36578573,15451
2019,Nick Pivetta,PHI,24.2,115,4.3784,25,4,3,18,12,4,14,2,2,31,0.25510204,0.359649122,0.479591836,0.349182149,15454
2019,Jose De Leon,TBR,4,21,2.25,3,0,0,2,1,0,3,1,2,7,0.1875,0.38095238,0.1875,0.271393275,15463
2019,Kohl Stewart,MIN,13.1,57,6.75,15,3,0,10,10,2,3,0,1,7,0.283018867,0.333333333,0.452830188,0.333601379,15502
2019,Hunter Harvey,BAL,6.1,26,1.4211,3,1,1,1,1,1,4,0,0,11,0.136363636,0.269230769,0.409090909,0.286400277,15507
2019,Eric Yardley,SDP,11.2,52,2.3143,12,1,0,5,3,1,3,0,1,7,0.260869565,0.32,0.347826086,0.292848279,15538
2019,Tyler Rogers,SFG,17.2,70,1.0189,12,3,0,3,2,0,3,0,1,16,0.184615384,0.231884057,0.23076923,0.206762331,15541
2019,Chad Green,NYY,49.2,211,4.349,48,11,2,26,24,6,11,0,4,66,0.248704663,0.298578199,0.419689119,0.302215178,15552
2019,Tyler White,HOU,3.1,22,21.6002,7,3,0,8,8,4,5,0,0,2,0.4375,0.545454545,1.375,0.675437385,15564
2019,Mike Ford,NYY,2,12,22.5,6,1,0,5,5,2,0,0,0,1,0.5,0.5,1.083333333,0.642046938,15585
2019,Nick Wittgren,CLE,57.2,231,2.8092,47,11,0,22,18,10,15,1,0,60,0.217592592,0.268398268,0.407407407,0.282837801,15594
2019,Phillips Valdez,TEX,16,75,3.9375,17,2,0,7,7,3,9,0,2,18,0.269841269,0.373333333,0.444444444,0.351178344,15605
2019,Yefry Ramirez,2 Tms,21,100,6.8571,24,6,0,19,16,3,12,0,4,24,0.289156626,0.4,0.469879518,0.373232011,15655
2019,Miguel Castro,BAL,73.1,319,4.6636,63,12,0,42,38,10,41,3,0,71,0.231617647,0.326018808,0.386029411,0.303419834,15684
2019,Jimmy Cordero,2 Tms,37.1,146,2.8929,26,5,1,12,12,4,11,0,3,31,0.196969696,0.273972602,0.34090909,0.267364227,15690
2019,Joe Jimenez,DET,59.2,257,4.3743,56,12,1,33,29,13,23,1,4,82,0.24347826,0.322957198,0.473913043,0.333963593,15761
2019,Masahiro Tanaka,NYY,3,15,3,5,1,0,2,1,0,1,0,0,2,0.357142857,0.4,0.428571428,0.359026925,15764
2019,Devin Williams,MIL,13.2,67,3.9512,18,5,0,9,6,2,6,0,2,14,0.310344827,0.393939393,0.5,0.380429295,15816
2019,Dario Agrazal,PIT,2,6,0,0,0,0,0,0,0,0,0,0,1,0,0,0,0,15821
2019,Zack Littell,MIN,37,146,2.6757,34,8,1,12,11,4,9,1,0,32,0.25,0.296551724,0.411764705,0.297254658,15823
2019,Paul Fry,BAL,57.1,255,5.3372,54,11,1,39,34,7,29,1,6,55,0.246575342,0.3503937,0.401826484,0.32636004,15832
2019,Adam Plutko,CLE,4.2,23,9.6428,9,2,0,5,5,0,1,0,0,1,0.409090909,0.434782608,0.5,0.40047389,15846
2019,Wander Suero,WSN,71.1,296,4.5421,64,14,0,36,36,5,26,3,3,81,0.242424242,0.314189189,0.352272727,0.286341142,15855
2019,Stephen Tarpley,NYY,23.2,113,5.7042,30,6,0,16,15,3,15,1,2,34,0.3125,0.415929203,0.46875,0.37931267,15859
2019,Fernando Romero,MIN,14,72,7.0714,19,4,0,12,11,2,11,1,1,18,0.316666666,0.430555555,0.483333333,0.389758614,15885
2019,Lewis Thorpe,MIN,19,84,5.6842,26,9,1,12,12,0,4,0,0,18,0.329113924,0.357142857,0.46835443,0.347070924,15906
2019,Victor Arano,PHI,4.2,16,3.8571,2,0,0,2,2,1,2,0,0,7,0.153846153,0.25,0.384615384,0.261858769,15915
2019,Ryne Stanek,2 Tms,34,158,6.3529,32,5,0,27,24,8,25,3,0,40,0.242424242,0.360759493,0.462121212,0.343927415,15947
2019,Keury Mella,CIN,3.2,18,7.3636,5,2,0,3,3,0,2,1,0,4,0.3125,0.388888888,0.4375,0.337203482,15964
2019,Stevie Wilkerson,BAL,5.1,22,6.75,6,1,0,4,4,2,0,0,0,1,0.272727272,0.272727272,0.59090909,0.350207421,16041
2019,Stefan Crichton,ARI,30.1,123,3.5604,23,3,0,12,12,3,8,1,2,33,0.203539823,0.268292682,0.309734513,0.250184386,16058
2019,Nick Burdi,PIT,8.2,40,9.3461,11,2,1,9,9,1,3,0,0,17,0.297297297,0.35,0.486486486,0.351501122,16074
2019,Edubray Ramos,PHI,15,69,5.4,19,2,1,10,9,5,7,1,1,11,0.311475409,0.391304347,0.622950819,0.413040214,16086
2019,Cy Sneed,HOU,21.1,93,5.4844,26,5,0,13,13,5,5,0,0,23,0.298850574,0.336956521,0.528735632,0.360285307,16106
2019,Daniel Ponce de Leon,STL,14,54,2.5714,8,2,0,4,4,2,7,1,0,21,0.170212765,0.277777777,0.340425531,0.262879772,16110
2019,Jordan Romano,TOR,15.1,75,7.6305,17,1,0,14,13,4,9,0,4,21,0.274193548,0.4,0.483870967,0.379995775,16122
2019,Chris Ellis,KCR,1,5,0,1,0,0,0,0,0,1,0,0,0,0.25,0.4,0.25,0.311981654,16125
2019,John Curtiss,LAA,2.1,12,3.8572,2,1,0,1,1,0,3,0,0,1,0.222222222,0.416666666,0.333333333,0.346430838,16128
2019,David Hess,BAL,12.1,58,6.5676,16,3,0,10,9,4,5,0,2,10,0.326530612,0.396551724,0.632653061,0.415940552,16130
2019,Justin Shafer,TOR,39.2,182,3.8571,41,12,2,19,17,6,25,4,1,39,0.264516129,0.370165745,0.483870967,0.354646956,16132
2019,Eric Skoglund,KCR,5,23,9,7,3,0,5,5,1,1,0,0,1,0.318181818,0.347826086,0.59090909,0.386463409,16155
2019,Jace Fry,CHW,55,251,4.7455,44,10,0,33,29,7,43,3,3,68,0.217821782,0.361445783,0.371287128,0.321107516,16159
2019,Chandler Shepherd,BAL,7,31,3.8571,8,3,0,3,3,0,3,0,0,5,0.285714285,0.354838709,0.392857142,0.324804552,16166
2019,Justin Anderson,LAA,47,217,5.5532,42,16,1,32,29,6,32,0,1,60,0.232044198,0.347222222,0.430939226,0.333167674,16201
2019,AJ Reed,CHW,1,3,0,0,0,0,0,0,0,0,0,0,0,0,0,0,0,16246
2019,Aaron Bummer,CHW,67.2,262,2.1281,43,4,0,17,16,4,24,2,3,60,0.183760683,0.268199233,0.252136752,0.233225359,16258
2019,Sam Howard,COL,19,91,6.6316,21,3,0,16,14,5,10,0,3,23,0.276315789,0.382022471,0.513157894,0.378800411,16265
2019,John Means,BAL,7.2,32,1.1739,5,0,0,1,1,1,3,0,1,13,0.178571428,0.28125,0.285714285,0.256502755,16269
2019,Jesus Tinoco,COL,36,161,4.75,36,8,1,23,19,12,22,1,1,28,0.262773722,0.366459627,0.598540145,0.392477356,16300
2019,Gerardo Reyes,SDP,26,117,7.6154,24,4,2,22,22,3,11,1,3,38,0.24,0.327586206,0.41,0.311722477,16306
2019,Austen Williams,WSN,0.1,7,162.0162,5,2,0,6,6,2,1,0,0,1,0.833333333,0.857142857,2.166666666,1.124615244,16309
2019,Alex McRae,PIT,20.1,101,8.4098,27,4,0,21,19,8,12,1,3,18,0.313953488,0.415841584,0.639534883,0.431780218,16317
2019,Ricardo Pinto,TBR,2.1,13,15.4288,4,1,0,4,4,1,2,0,0,0,0.363636363,0.461538461,0.727272727,0.482770443,16318
2019,Brad Wieck,2 Tms,34.2,148,5.7115,28,7,0,23,22,8,13,0,3,49,0.213740458,0.297297297,0.450381679,0.313982393,16390
2019,Yonny Chirinos,TBR,29,118,4.9655,26,5,1,18,16,7,5,0,2,22,0.236363636,0.279661016,0.49090909,0.316813049,16401
2019,Richard Urena,TOR,1,8,36,4,1,0,4,4,1,1,0,0,0,0.571428571,0.625,1.142857142,0.698214695,16411
2019,James Norwood,CHC,9.1,44,2.8929,9,1,1,4,3,1,8,0,0,11,0.25,0.386363636,0.416666666,0.350574101,16440
2019,Matt Wotherspoon,BAL,4.2,26,15.4285,10,1,0,8,8,2,2,0,1,2,0.434782608,0.5,0.739130434,0.510877669,16452
2019,Joe Harvey,2 Tms,18,84,5,18,1,1,11,10,3,13,0,2,17,0.264705882,0.392857142,0.44117647,0.360494387,16459
2019,Ryan Yarbrough,TBR,56,223,3.8571,48,13,1,26,24,6,9,1,1,46,0.227488151,0.260089686,0.383886255,0.268349348,16502
2019,Dan Altavilla,SEA,14.2,64,5.5227,9,2,0,9,9,1,12,1,0,18,0.18,0.333333333,0.28,0.277158149,16507
2019,Jordan Montgomery,NYY,2,10,13.5,4,2,0,3,3,1,0,0,0,2,0.4,0.4,0.9,0.524247468,16511
2019,Harrison Musgrave,COL,10,47,3.6,9,1,1,4,4,0,7,1,0,12,0.23076923,0.340425531,0.307692307,0.282059571,16532
2019,Erik Swanson,SEA,24.2,98,3.2838,17,3,1,9,9,5,7,1,2,27,0.191011235,0.265306122,0.415730337,0.282616383,16587
2019,Jonathan Holder,NYY,38.2,170,6.2845,40,7,0,30,27,8,11,1,2,44,0.25477707,0.311764705,0.452229299,0.32020474,16588
2019,Bryan Abreu,HOU,8.2,32,1.0385,4,1,0,1,1,0,3,0,0,13,0.137931034,0.21875,0.172413793,0.184262194,16609
2019,Kyle Bird,TEX,12.2,65,7.8158,11,0,0,11,11,5,15,0,2,10,0.229166666,0.43076923,0.541666666,0.410896023,16618
2019,Jeff Brigham,MIA,38.1,161,4.4609,36,3,1,20,19,8,14,2,1,39,0.248275862,0.316770186,0.448275862,0.318042274,16631
2019,James Bourque,WSN,0.2,6,53.9973,3,2,0,4,4,0,2,0,0,0,0.75,0.833333333,1.25,0.780589541,16668
2019,Brock Stewart,2 Tms,25.2,124,9.8182,37,8,1,29,28,11,8,0,3,19,0.339449541,0.387096774,0.733944954,0.444037303,16727
2019,Montana DuRapau,PIT,14.2,76,9.2045,23,6,1,21,15,3,7,0,2,17,0.343283582,0.421052631,0.597014925,0.423987713,16768
2019,Josh James,HOU,60.1,263,4.7735,46,7,1,34,32,10,35,0,4,99,0.205357142,0.323193916,0.379464285,0.307328547,16794
2019,Tim Hill,KCR,39.2,161,3.6302,31,5,0,17,16,4,13,2,4,39,0.216783216,0.3,0.335664335,0.274955961,16814
2019,Locke St. John,TEX,6.2,33,5.4,7,3,0,4,4,0,4,0,0,5,0.24137931,0.333333333,0.344827586,0.299685735,16850
2019,Reed Garrett,DET,15.1,77,8.2174,24,8,0,15,14,3,13,0,1,10,0.38095238,0.493506493,0.65079365,0.474674695,16866
2019,Aaron Wilkerson,MIL,16,80,7.3125,25,4,0,13,13,4,9,1,0,11,0.357142857,0.425,0.585714285,0.416842452,16904
2019,Touki Toussaint,ATL,40.1,184,4.2397,38,9,0,21,19,5,25,2,4,43,0.248366013,0.368131868,0.405228758,0.334844643,16929
2019,Elieser Hernandez,MIA,7.2,38,9.3913,11,2,0,8,8,3,4,0,0,7,0.333333333,0.394736842,0.666666666,0.427125934,16933
2019,Sean Newcomb,ATL,53.1,223,3.0375,43,5,1,20,18,8,19,1,3,57,0.215,0.29147982,0.37,0.283469958,16943
2019,Jake Jewell,LAA,26.1,114,6.8355,28,3,1,20,20,8,8,0,3,23,0.274509803,0.342105263,0.558823529,0.370956904,16958
2019,Daniel Mengden,OAK,10.2,51,7.5937,15,2,0,9,9,2,6,0,0,7,0.333333333,0.411764705,0.511111111,0.392547028,16980
2019,Tyler Beede,SFG,4.1,26,6.2308,7,1,0,3,3,0,6,0,0,7,0.35,0.5,0.4,0.406773654,16981
2019,Trevor Hildenberger,MIN,16.1,88,10.4694,30,8,0,19,19,2,7,0,3,15,0.394736842,0.454545454,0.578947368,0.43175384,17002
2019,Jefry Rodriguez,CLE,3,13,3,3,1,0,1,1,0,2,0,0,1,0.272727272,0.384615384,0.363636363,0.333575533,17018
2019,Ariel Jurado,TEX,29.1,119,3.0682,29,5,0,16,10,4,5,1,0,15,0.258928571,0.288135593,0.410714285,0.290554329,17030
2019,Sean Reid-Foley,TOR,7,32,6.4286,7,1,0,5,5,2,5,0,0,8,0.259259259,0.375,0.518518518,0.37580201,17034
2019,Joe Palumbo,TEX,6,22,0,1,1,0,0,0,0,2,0,0,7,0.05,0.136363636,0.1,0.118057354,17035
2019,Austin Davis,PHI,20.2,98,6.5322,22,3,0,15,15,6,14,1,3,24,0.271604938,0.397959183,0.530864197,0.388903763,17117
2019,Raisel Iglesias,CIN,67,279,4.1642,61,13,1,31,31,12,21,4,2,89,0.24015748,0.302158273,0.440944881,0.307408511,17130
2019,Domingo German,NYY,8.1,32,0,3,0,0,0,0,0,2,0,1,11,0.103448275,0.1875,0.103448275,0.147145189,17149
2019,Jose Castillo,SDP,0.2,4,0,0,0,0,0,0,0,1,0,1,2,0,0.5,0,0.352379411,17169
2019,Gabe Speier,KCR,7.1,33,7.3637,5,1,0,6,6,2,6,0,0,10,0.185185185,0.333333333,0.444444444,0.332628557,17170
2019,Yoan Lopez,ARI,60.2,246,3.4121,52,11,2,27,23,11,17,2,0,42,0.232142857,0.281632653,0.446428571,0.298270686,17181
2019,Jalen Beeks,TBR,92,401,3.4239,94,24,0,41,35,8,34,1,9,77,0.267045454,0.3425,0.40340909,0.320513484,17192
2019,Austin Brice,MIA,44.2,199,3.4254,37,5,0,21,17,7,18,2,7,46,0.213872832,0.311557788,0.364161849,0.291774735,17237
2019,Sam Coonrod,SFG,27.2,114,3.5783,19,2,0,11,11,3,15,1,4,20,0.202127659,0.336283185,0.319148936,0.294352909,17264
2019,Ranger Suarez,PHI,48.2,205,3.1438,52,8,0,18,17,6,12,2,1,42,0.278074866,0.321782178,0.417112299,0.310189551,17277
2019,Thomas Pannone,TOR,48.1,206,3.5379,40,7,0,19,19,7,22,1,4,45,0.224719101,0.320388349,0.382022471,0.302811689,17281
2019,Justus Sheffield,SEA,3,14,6,2,0,0,2,2,1,4,0,0,3,0.2,0.428571428,0.5,0.397881193,17285
2019,Javy Guerra,SDP,8.2,36,5.1923,7,2,0,5,5,3,3,0,0,6,0.21875,0.277777777,0.5625,0.335056861,17292
2019,Framber Valdez,HOU,35,161,4.6286,36,7,1,23,18,2,21,0,1,29,0.264705882,0.360248447,0.375,0.321429093,17295
2019,Luis Escobar,PIT,5.2,29,7.9411,10,2,0,5,5,1,4,0,1,2,0.454545454,0.535714285,0.681818181,0.497876691,17345
2019,Josh Taylor,BOS,46.1,188,3.1079,39,5,0,17,16,5,14,1,2,60,0.228070175,0.292553191,0.345029239,0.274930501,17359
2019,Brett Martin,TEX,60.2,267,4.1538,67,14,0,33,28,7,16,2,1,59,0.27125506,0.314606741,0.412955465,0.305643433,17369
2019,Erick Fedde,WSN,17.2,70,4.5849,12,3,0,9,9,1,8,0,0,10,0.196721311,0.285714285,0.295081967,0.258125659,17425
2019,Jonathan Hernandez,TEX,11.1,52,3.1765,10,0,0,4,4,2,9,0,0,12,0.232558139,0.365384615,0.372093023,0.327858308,17464
2019,Heath Fillmyer,KCR,10.1,48,5.2258,10,2,0,6,6,2,7,0,1,8,0.256410256,0.375,0.461538461,0.355861786,17466
2019,Chad Sobotka,ATL,29,134,6.2069,28,4,0,22,20,6,19,0,3,38,0.25,0.373134328,0.446428571,0.353956492,17470
2019,Genesis Cabrera,STL,12,56,3.75,10,1,0,7,5,0,7,0,2,14,0.217391304,0.339285714,0.239130434,0.273458613,17490
2019,Diego Castillo,TBR,61.1,256,3.0815,48,7,2,26,21,6,26,4,5,74,0.215246636,0.309803921,0.345291479,0.281640163,17496
2019,Wei-Chieh Huang,TEX,5.2,32,3.1765,8,4,0,5,2,0,5,0,1,2,0.307692307,0.4375,0.461538461,0.391119134,17508
2019,Ryan Burr,CHW,17.2,78,5.0943,16,3,1,12,10,3,7,0,0,19,0.231884057,0.298701298,0.434782608,0.307223258,17536
2019,Jimmy Herget,CIN,6.1,26,4.2632,8,2,0,3,3,2,3,0,0,0,0.347826086,0.423076923,0.695652173,0.456220512,17556
2019,Tanner Scott,BAL,26.1,122,4.7848,28,5,0,17,14,4,19,2,2,37,0.277227722,0.401639344,0.445544554,0.362813016,17586
2019,Tanner Rainey,WSN,48.1,214,3.9103,32,7,1,22,21,6,38,2,4,74,0.188235294,0.349056603,0.347058823,0.309826048,17610
2019,Taylor Clarke,ARI,20.1,80,3.541,13,2,0,8,8,7,6,0,1,17,0.178082191,0.25,0.493150684,0.304368956,17611
2019,Jeffrey Springs,TEX,32.1,155,6.4021,38,11,1,23,23,4,23,0,0,32,0.294573643,0.396103896,0.488372093,0.374537337,17677
2019,Rogelio Armenteros,HOU,9,37,2,8,1,0,3,2,1,2,0,0,9,0.228571428,0.27027027,0.342857142,0.263633947,17679
2019,Pedro Araujo,BAL,0.2,4,26.9987,2,0,0,2,2,1,1,0,0,0,0.666666666,0.75,1.666666666,0.874860525,17697
2019,Evan Phillips,BAL,28,140,6.4286,32,8,0,20,20,2,20,0,5,40,0.285714285,0.410071942,0.410714285,0.36076168,17734
2019,Tyler Alexander,DET,12,50,6,12,2,0,8,8,3,2,0,0,12,0.25,0.28,0.479166666,0.314395983,17735
2019,Sandy Baez,DET,1,5,9,2,1,0,1,1,0,0,0,0,0,0.4,0.4,0.6,0.417255092,17754
2019,Jose Alvarado,TBR,29.2,141,4.5506,28,4,1,17,15,2,24,2,0,39,0.25,0.376811594,0.357142857,0.321493502,17780
2019,Trey Wingenter,SDP,49.2,211,5.255,33,8,1,29,29,5,26,0,5,70,0.186440677,0.304761904,0.327683615,0.28107833,17793
2019,Dillon Tate,BAL,21,93,6.4286,18,3,0,15,15,3,9,0,5,20,0.23076923,0.344086021,0.384615384,0.319491393,17796
2019,Daniel Zamora,NYM,8.2,41,5.1923,10,3,0,5,5,1,5,1,1,8,0.294117647,0.390243902,0.470588235,0.357190067,17811
2019,Adbert Alzolay,CHC,5,21,3.6,2,0,0,2,2,1,4,0,0,6,0.117647058,0.285714285,0.294117647,0.265254129,17859
2019,Jose Rodriguez,LAA,17.2,73,1.5283,13,1,0,3,3,3,10,0,0,12,0.206349206,0.315068493,0.365079365,0.298147117,17860
2019,Ian Gibaut,2 Tms,14.1,64,5.6512,12,4,0,9,9,1,10,1,1,16,0.235294117,0.359375,0.372549019,0.314688399,17871
2019,Nestor Cortes Jr.,NYY,64.1,285,5.5959,69,9,0,40,40,16,27,1,1,67,0.270588235,0.340350877,0.494117647,0.348282907,17874
2019,Dennis Santana,LAD,5,27,7.2,6,0,1,4,4,1,4,0,2,6,0.3,0.444444444,0.55,0.412837814,17878
2019,Adonis Rosa,NYY,2,7,4.5,1,0,0,1,1,1,0,0,0,2,0.142857142,0.142857142,0.571428571,0.277076261,17942
2019,Trent Thornton,TOR,15,56,3,8,0,0,5,5,1,2,0,0,14,0.156862745,0.181818181,0.215686274,0.17104365,17948
2019,Ty France,SDP,2,8,4.5,2,0,0,1,1,1,0,0,0,0,0.25,0.25,0.625,0.351142988,17982
2019,Bobby Poyner,BOS,9.2,43,8.3793,10,2,1,9,9,2,5,0,1,9,0.27027027,0.372093023,0.54054054,0.380469172,17987
2019,Peter Fairbanks,2 Tms,21,99,6.8571,25,7,0,20,16,5,10,0,0,28,0.280898876,0.353535353,0.528089887,0.367901412,17998
2019,Dylan Moore,SEA,1,10,36,5,0,0,4,4,0,2,0,0,0,0.625,0.7,0.625,0.572864676,18042
2019,Phil Maton,2 Tms,36.2,163,6.1364,38,10,1,27,25,7,12,0,2,33,0.258503401,0.322981366,0.482993197,0.337805122,18064
2019,Matt Hall,DET,23.1,113,7.7143,28,3,1,20,20,4,15,1,1,27,0.288659793,0.38938053,0.463917525,0.363506628,18076
2019,Cody Stashak,MIN,23,96,3.1304,27,8,1,8,8,2,1,0,1,23,0.29032258,0.302083333,0.462365591,0.317340466,18088
2019,Chance Adams,NYY,25.1,124,8.5263,39,12,0,25,24,7,11,0,2,23,0.351351351,0.419354838,0.648648648,0.440327758,18135
2019,Ryan Helsley,STL,36.2,153,2.9455,34,9,1,13,12,5,12,2,0,32,0.244604316,0.302631578,0.431654676,0.304014974,18138
2019,Art Warren,SEA,5.1,21,0,2,0,0,0,0,0,2,0,0,5,0.105263157,0.19047619,0.105263157,0.148562692,18251
2019,Zac Grotz,SEA,17.1,73,4.1539,14,3,0,9,8,0,8,1,1,18,0.222222222,0.315068493,0.269841269,0.260652969,18256
2019,Jarlin Garcia,MIA,50.2,206,3.0197,40,5,1,17,17,4,16,2,2,39,0.216216216,0.282926829,0.318918918,0.25892312,18282
2019,Tyler Kinley,MIA,49.1,221,3.6487,43,7,0,20,20,5,36,2,1,46,0.23756906,0.363636363,0.359116022,0.318172465,18297
2019,Andrew Suarez,SFG,22.2,99,4.3676,26,5,0,11,11,4,7,1,1,18,0.292134831,0.343434343,0.483146067,0.341692266,18300
2019,Taylor Guilbeau,SEA,12.1,51,3.6487,10,0,1,6,5,2,3,1,1,7,0.212765957,0.274509803,0.382978723,0.271903384,18306
2019,Carson Fulmer,CHW,24.1,117,5.548,22,2,0,17,15,4,17,0,3,21,0.234042553,0.358974358,0.382978723,0.324768846,18311
2019,Pedro Payano,TEX,6,22,1.5,3,2,0,1,1,0,2,0,0,7,0.15,0.227272727,0.25,0.212888057,18313
2019,Jacob Waguespack,TOR,12.2,55,5.6842,12,4,0,9,8,3,4,0,1,13,0.24,0.309090909,0.5,0.336613193,18318
2019,Josh Sborz,LAD,9,40,8,10,4,0,8,8,2,4,0,0,7,0.285714285,0.35,0.571428571,0.374634057,18323
2019,Alex Young,ARI,6.1,23,0,4,0,0,0,0,0,0,0,1,2,0.181818181,0.217391304,0.181818181,0.182506945,18333
2019,Josh Staumont,KCR,19.1,88,3.7241,21,6,0,13,8,4,10,1,1,15,0.272727272,0.363636363,0.506493506,0.362709674,18335
2019,Nick Anderson,2 Tms,65,264,3.3231,52,11,2,24,24,8,18,4,2,110,0.213991769,0.272727272,0.374485596,0.269300562,18337
2019,Jaime Barria,LAA,22.1,107,8.8657,34,9,1,22,22,5,8,0,1,19,0.350515463,0.401869158,0.618556701,0.420008123,18356
2019,Tom Eshelman,BAL,17.2,80,5.6038,23,5,0,12,11,5,5,1,1,7,0.315068493,0.3625,0.589041095,0.386915687,18361
2019,Enyel De Los Santos,PHI,7,28,6.4286,6,0,0,5,5,3,2,0,0,7,0.23076923,0.285714285,0.576923076,0.350286718,18403
2019,Jose Urquidy,HOU,7,28,2.5714,6,1,0,2,2,1,1,0,0,4,0.222222222,0.25,0.37037037,0.261604918,18413
2019,Trevor Kelley,BOS,8.1,40,8.64,9,4,0,8,8,2,5,0,0,6,0.29032258,0.35,0.612903225,0.37015126,18454
2019,Junior Fernandez,STL,11.2,54,5.4,9,0,0,7,7,2,6,0,4,16,0.204545454,0.351851851,0.34090909,0.314537132,18496
2019,Kenta Maeda,LAD,16.2,62,3.24,9,3,0,6,6,3,4,0,0,22,0.155172413,0.209677419,0.362068965,0.239332591,18498
2019,Josh Rogers,BAL,14.1,69,8.7907,18,3,0,14,14,7,6,0,4,5,0.305084745,0.405797101,0.711864406,0.452206964,18510
2019,Logan Allen,2 Tms,8.1,39,4.32,11,1,0,5,4,3,4,0,1,4,0.333333333,0.41025641,0.636363636,0.425716657,18555
2019,Travis Bergen,SFG,19.2,85,5.4915,18,7,0,12,12,4,9,2,1,18,0.24,0.329411764,0.493333333,0.336305667,18581
2019,Travis Lakins,BOS,17.2,81,5.0943,21,7,1,11,10,1,8,1,1,12,0.3,0.37037037,0.471428571,0.34964793,18600
2019,Jared Walsh,LAA,5,23,1.8,3,0,0,1,1,0,6,0,0,5,0.176470588,0.391304347,0.176470588,0.293505192,18607
2019,A.J. Minter,ATL,29.1,147,7.0568,36,9,0,23,23,3,23,5,1,35,0.297520661,0.410958904,0.446280991,0.360168927,18655
2019,Freddy Peralta,MIL,49.1,212,4.0135,40,9,1,26,22,6,26,1,0,69,0.218579234,0.314285714,0.37704918,0.297819633,18679
2019,Seunghwan Oh,COL,18.1,88,9.3273,29,1,0,19,19,6,6,0,0,16,0.353658536,0.397727272,0.585365853,0.41053499,18719
2019,Dillon Peters,LAA,16.1,69,3.8572,18,5,0,7,7,4,3,0,1,13,0.28125,0.318840579,0.546875,0.354464738,18790
2019,Miguel Del Pozo,LAA,9.1,45,10.6072,10,1,0,11,11,3,8,0,0,11,0.285714285,0.409090909,0.571428571,0.403984384,18792
2019,Drew Steckenrider,MIA,14.1,58,6.2791,9,0,0,10,10,6,5,0,1,14,0.173076923,0.258620689,0.519230769,0.317530063,18806
2019,Miguel Diaz,SDP,6.1,29,7.1053,9,3,1,5,5,1,1,0,2,4,0.346153846,0.413793103,0.653846153,0.438818019,18815
2019,Kyle Keller,MIA,10.2,46,3.375,5,0,0,4,4,3,8,0,2,11,0.138888888,0.326086956,0.388888888,0.315622742,18890
2019,Conner Menez,SFG,4.1,19,0,2,1,0,0,0,0,4,0,0,8,0.133333333,0.315789473,0.2,0.255129908,19199
2019,Jose Quijada,MIA,29.2,144,5.764,27,6,1,20,19,10,26,3,4,44,0.238938053,0.398601398,0.575221238,0.397672735,19200
2019,Dakota Hudson,STL,0.2,3,0,0,0,0,0,0,0,1,0,0,0,0,0.333333333,0,0.2300994,19206
2019,Cole Irvin,PHI,24,105,6,28,4,0,16,16,4,8,1,2,18,0.304347826,0.365384615,0.478260869,0.352306064,19244
2019,Seranthony Dominguez,PHI,24.2,110,4.0135,24,2,1,13,11,3,12,0,1,29,0.25,0.339449541,0.385416666,0.315933271,19249
2019,Gerson Bautista,SEA,7,35,10.2857,9,2,1,8,8,2,5,0,0,5,0.310344827,0.4,0.655172413,0.422038426,19256
2019,T.J. Zeuch,TOR,9.1,40,3.8572,8,3,0,5,4,0,5,0,0,9,0.228571428,0.325,0.314285714,0.286238438,19269
2019,Jacob Webb,ATL,32.1,131,1.3918,24,8,0,10,5,4,12,0,1,28,0.205128205,0.284615384,0.376068376,0.28407367,19274
2019,Edgar Garcia,PHI,39,172,5.7692,38,5,0,25,25,11,26,2,0,45,0.265734265,0.374269005,0.531468531,0.373472056,19276
2019,Kyle Dowdy,TEX,19.1,94,6.9828,22,4,0,17,15,3,15,1,1,15,0.293333333,0.40860215,0.466666666,0.370791395,19285
2019,Trevor Richards,2 Tms,12,51,0.75,9,1,0,3,1,1,5,0,0,12,0.2,0.28,0.288888888,0.253899214,19309
2019,Reggie McClain,SEA,18,78,5,16,4,0,10,10,2,10,0,0,11,0.235294117,0.333333333,0.382352941,0.312112973,19311
2019,Cal Quantrill,SDP,11.1,43,0.7941,6,0,0,1,1,0,4,1,0,11,0.153846153,0.232558139,0.153846153,0.173537024,19312
2019,Eric Lauer,SDP,1.1,5,0,2,0,0,0,0,0,0,0,0,1,0.4,0.4,0.4,0.347844028,19316
2019,Matt Festa,SEA,22.1,101,5.6418,20,5,2,15,14,5,12,1,2,21,0.240963855,0.343434343,0.530120481,0.35538394,19330
2019,Richard Lovelady,KCR,20,96,7.65,30,8,1,17,17,2,8,2,1,17,0.352941176,0.410526315,0.54117647,0.392741999,19337
2019,Hector Velazquez,BOS,34.1,151,4.4563,37,9,1,23,17,4,15,0,2,33,0.278195488,0.357615894,0.451127819,0.344576705,19341
2019,A.J. Puk,OAK,11.1,47,3.1765,10,1,0,4,4,1,5,0,0,13,0.238095238,0.319148936,0.333333333,0.288607889,19343
2019,Caleb Ferguson,LAD,40.1,183,4.9091,35,9,0,24,22,6,23,2,6,51,0.231788079,0.351648351,0.410596026,0.32661651,19349
2019,Corbin Burnes,MIL,31.1,145,7.7553,40,7,0,31,27,6,12,0,0,46,0.300751879,0.358620689,0.488721804,0.358047662,19361
2019,Tony Gonsolin,LAD,12,48,3,6,2,0,4,4,1,5,0,1,13,0.142857142,0.25,0.261904761,0.232341776,19388
2019,Colin Poche,TBR,51.2,207,4.7032,33,6,1,27,27,9,19,1,5,72,0.181318681,0.276699029,0.373626373,0.278486088,19403
2019,Shane Bieber,CLE,2,8,4.5,2,0,0,1,1,0,0,0,1,2,0.285714285,0.375,0.285714285,0.307304949,19427
2019,Patrick Sandoval,LAA,5,20,3.6,3,0,0,2,2,0,2,0,0,8,0.176470588,0.263157894,0.176470588,0.209969822,19447
2019,Shaun Anderson,SFG,13.1,59,6.075,14,4,0,9,9,1,7,1,0,15,0.269230769,0.355932203,0.403846153,0.323697849,19453
2019,Bryan Garcia,DET,6.2,33,12.1499,9,2,0,9,9,1,5,1,0,7,0.321428571,0.424242424,0.5,0.385991182,19457
2019,Jorge Alcala,MIN,1.2,7,0,1,0,0,0,0,0,1,0,0,1,0.166666666,0.285714285,0.166666666,0.222844039,19459
2019,Andrew Vasquez,MIN,0,3,27,0,0,0,3,3,0,2,0,1,0,0,1,0,0.699938615,19482
2019,Devin Smeltzer,MIN,18.1,76,3.4364,22,4,1,9,7,4,4,0,0,16,0.305555555,0.342105263,0.555555555,0.371314944,19487
2019,Mike Shawaryn,BOS,20.1,103,9.7377,26,6,0,22,22,5,13,0,5,29,0.309523809,0.427184466,0.559523809,0.413706664,19495
2019,Stephen Nogosek,NYM,6.2,34,10.7999,12,2,0,8,8,2,2,0,0,6,0.387096774,0.411764705,0.64516129,0.430878688,19545
2019,Jon Duplantier,ARI,23.2,106,3.4225,23,4,0,9,9,0,14,1,5,22,0.26744186,0.396226415,0.313953488,0.323421207,19546
2019,JD Hammer,PHI,19,81,3.7895,15,3,1,8,8,2,12,0,0,13,0.217391304,0.333333333,0.376811594,0.310717877,19548
2019,Geoff Hartlieb,PIT,35,171,9,52,10,2,35,35,8,18,0,0,38,0.351351351,0.411764705,0.608108108,0.417610851,19558
2019,David Bednar,SDP,11,48,6.5455,10,3,0,8,8,3,5,0,0,14,0.25,0.326086956,0.55,0.356489759,19569
2019,Sean Poppen,MIN,8.1,36,7.56,10,3,1,7,7,1,5,0,0,9,0.322580645,0.416666666,0.580645161,0.414391292,19583
2019,Cionel Perez,HOU,9,40,10,11,2,0,10,10,3,2,0,0,7,0.289473684,0.325,0.578947368,0.371254727,19614
2019,Jordan Hicks,STL,28.2,110,3.1395,16,3,0,10,10,2,11,0,1,31,0.163265306,0.254545454,0.25510204,0.23097522,19618
2019,Eduardo Jimenez,DET,10.2,49,5.9062,12,4,0,7,7,1,5,0,0,8,0.272727272,0.346938775,0.431818181,0.333570548,19642
2019,Kyle Wright,ATL,3,11,3,2,0,0,1,1,0,0,0,0,4,0.181818181,0.181818181,0.181818181,0.158110922,19665
2019,Gregory Soto,DET,34.1,162,3.932,43,10,0,17,15,3,21,1,0,29,0.304964539,0.395061728,0.439716312,0.359500133,19677
2019,Michael Brosseau,TBR,4,18,4.5,5,2,0,2,2,1,0,0,1,0,0.294117647,0.333333333,0.588235294,0.3795169,19683
2019,Dustin May,LAD,12.1,52,5.1081,12,1,0,7,7,1,2,0,3,15,0.255319148,0.326923076,0.340425531,0.295972205,19716
2019,Jonathan Loaisiga,NYY,19.2,81,3.2034,16,2,0,7,7,3,9,0,1,23,0.228571428,0.320987654,0.385714285,0.305549954,19753
2019,Yoshihisa Hirano,ARI,53,233,4.7547,51,9,0,31,28,7,22,2,3,61,0.248780487,0.327586206,0.395121951,0.308376957,19756
2019,David McKay,2 Tms,26.1,115,5.4684,20,5,0,17,16,3,17,1,1,34,0.206185567,0.330434782,0.350515463,0.299133684,19814
2019,Darwinzon Hernandez,BOS,27.1,129,3.9512,24,9,0,14,12,1,21,1,3,50,0.23076923,0.375,0.346153846,0.323052643,19848
2019,Michael King,NYY,2,9,0,2,0,0,1,0,0,0,0,0,1,0.222222222,0.222222222,0.222222222,0.193246682,19853
2019,Griffin Canning,LAA,2,12,22.5,5,0,0,5,5,1,1,0,0,2,0.454545454,0.5,0.727272727,0.509022693,19867
2019,Kevin Ginkel,ARI,24.1,96,1.4795,15,3,0,7,4,2,9,0,0,28,0.174418604,0.252631578,0.279069767,0.236187877,19876
2019,Jose Suarez,LAA,14,68,8.3571,20,6,0,13,13,4,7,0,1,12,0.333333333,0.411764705,0.633333333,0.430963753,19911
2019,Jesus Luzardo,OAK,12,46,1.5,5,2,0,2,2,1,3,0,1,16,0.119047619,0.195652173,0.238095238,0.193526061,19959
2019,Jeremy Walker,ATL,9.1,38,1.9286,9,3,0,2,2,0,4,0,0,6,0.264705882,0.342105263,0.352941176,0.306022352,19981
2019,Bryse Wilson,ATL,2.1,11,7.7144,4,3,0,2,2,1,0,0,0,1,0.363636363,0.363636363,0.909090909,0.50813909,19990
2019,Joel Kuhnel,CIN,9.2,42,4.6552,8,1,0,5,5,1,5,0,0,9,0.216216216,0.309523809,0.324324324,0.281555968,19995
2019,John Schreiber,DET,13,59,6.2308,16,1,0,9,9,3,4,0,1,19,0.296296296,0.355932203,0.481481481,0.355101694,20020
2019,Rico Garcia,COL,1,5,9,2,1,0,1,1,0,0,0,0,0,0.4,0.4,0.6,0.417255092,20023
2019,Phillip Diehl,COL,7.1,35,7.3637,10,5,0,6,6,1,2,0,1,8,0.3125,0.371428571,0.5625,0.38860334,20030
2019,Adrian Morejon,SDP,4,22,13.5,10,3,0,6,6,1,0,0,0,6,0.454545454,0.454545454,0.727272727,0.491235928,20039
2019,Ronald Bolanos,SDP,5,20,3.6,4,2,0,2,2,1,1,0,0,6,0.210526315,0.25,0.47368421,0.296638644,20041
2019,Michel Baez,SDP,27.2,124,3.253,25,7,0,10,10,3,13,2,3,24,0.235849056,0.333333333,0.386792452,0.306862387,20100
2019,James Karinchak,CLE,5.1,22,1.6875,3,1,0,1,1,0,1,0,0,8,0.15,0.181818181,0.2,0.165735624,20151
2019,Brendan McKay,TBR,2.1,10,0,2,0,0,0,0,0,1,0,0,3,0.222222222,0.3,0.222222222,0.242951834,20186
2019,Yennsy Diaz,TOR,0.2,7,26.9987,1,0,0,2,2,0,4,0,0,0,0.333333333,0.714285714,0.333333333,0.518686124,20218
2019,Brusdar Graterol,MIN,9.2,40,4.6552,10,1,0,5,5,1,2,1,1,10,0.277777777,0.325,0.388888888,0.295451216,20367
2019,Andres Munoz,SDP,23,97,3.913,16,6,0,10,10,2,11,0,0,30,0.188235294,0.28125,0.329411764,0.268012716,20373
2019,Anthony Kay,TOR,4,18,4.5,4,1,0,2,2,0,1,0,0,3,0.235294117,0.277777777,0.294117647,0.250877433,20387
2019,Nick Margevicius,SDP,3.2,19,12.2726,6,3,0,5,5,0,2,0,0,4,0.352941176,0.421052631,0.529411764,0.402074883,20395
2019,Huascar Ynoa,ATL,3,16,18,6,2,0,6,6,1,1,0,0,3,0.4,0.4375,0.733333333,0.479499564,20468
2019,Elvis Luciano,TOR,33.2,159,5.3465,36,11,0,20,20,4,24,1,3,27,0.27480916,0.396226415,0.450381679,0.363530272,20632
2019,Emmanuel Clase,TEX,22.1,89,2.4179,19,5,1,8,6,2,4,0,1,21,0.226190476,0.269662921,0.38095238,0.275702616,21032
2019,Randy Dobnak,MIN,9,41,1,14,1,0,3,1,1,0,0,0,7,0.341463414,0.341463414,0.43902439,0.33150049,23798
